data;ticker;fechamento;provento
27/09/2021;BBAS3;14,775;0,0
04/10/2021;BBAS3;15,48;0,0
11/10/2021;BBAS3;15,79;0,0
18/10/2021;BBAS3;14,455;0,0
25/10/2021;BBAS3;14,25;0,0
01/11/2021;BBAS3;14,645;0,0
08/11/2021;BBAS3;15,075;0,0
15/11/2021;BBAS3;14,525;0,0
22/11/2021;BBAS3;15,38;0,196852
29/11/2021;BBAS3;16,1;0,0
06/12/2021;BBAS3;16,25;0,0
13/12/2021;BBAS3;15,165;0,087496
20/12/2021;BBAS3;14,61;0,0
27/12/2021;BBAS3;14,425;0,0
03/01/2022;BBAS3;14,315;0,0
10/01/2022;BBAS3;15,205;0,0
17/01/2022;BBAS3;15,6;0,0
24/01/2022;BBAS3;16,245;0,0
31/01/2022;BBAS3;16,115;0,0
07/02/2022;BBAS3;16,7;0,0
14/02/2022;BBAS3;18,025;0,0
21/02/2022;BBAS3;17,605;0,0
28/02/2022;BBAS3;16,95;0,412361
07/03/2022;BBAS3;16,71;0,0
14/03/2022;BBAS3;16,86;0,105314
21/03/2022;BBAS3;17,65;0,0
28/03/2022;BBAS3;17,34;0,0
04/04/2022;BBAS3;17,425;0,0
11/04/2022;BBAS3;17,6;0,0
18/04/2022;BBAS3;17,215;0,0
25/04/2022;BBAS3;16,61;0,0
02/05/2022;BBAS3;16,925;0,0
09/05/2022;BBAS3;17,555;0,0
16/05/2022;BBAS3;18,5;0,0
23/05/2022;BBAS3;18,525;0,336536
30/05/2022;BBAS3;18,105;0,0
06/06/2022;BBAS3;17,275;0,0
13/06/2022;BBAS3;17,065;0,125143
20/06/2022;BBAS3;16,23;0,0
27/06/2022;BBAS3;16,575;0,0
04/07/2022;BBAS3;16,725;0,0
11/07/2022;BBAS3;16,64;0,0
18/07/2022;BBAS3;17,335;0,0
25/07/2022;BBAS3;17,985;0,0
01/08/2022;BBAS3;18,895;0,0
08/08/2022;BBAS3;22,05;0,0
15/08/2022;BBAS3;20,525;0,0
22/08/2022;BBAS3;20,795;0,393969
29/08/2022;BBAS3;21,265;0,0
05/09/2022;BBAS3;20,275;0,0
12/09/2022;BBAS3;19,7;0,136868
19/09/2022;BBAS3;20,365;0,0
26/09/2022;BBAS3;19,26;0,0
03/10/2022;BBAS3;20,33;0,0
10/10/2022;BBAS3;19,58;0,0
17/10/2022;BBAS3;22,34;0,0
24/10/2022;BBAS3;19,41;0,0
31/10/2022;BBAS3;19,63;0,0
07/11/2022;BBAS3;17,76;0,0
14/11/2022;BBAS3;17,19;0,0
21/11/2022;BBAS3;17,105;0,402342
28/11/2022;BBAS3;18,015;0,0
05/12/2022;BBAS3;17,49;0,0
12/12/2022;BBAS3;16,3;0,172763
19/12/2022;BBAS3;17,64;0,0
26/12/2022;BBAS3;17,365;0,0
02/01/2023;BBAS3;17,525;0,0
09/01/2023;BBAS3;17,825;0,0
16/01/2023;BBAS3;20,035;0,0
23/01/2023;BBAS3;20,09;0,0
30/01/2023;BBAS3;19,6;0,0
06/02/2023;BBAS3;20,185;0,0
13/02/2023;BBAS3;21,41;0,0
20/02/2023;BBAS3;20,24;0,413441
27/02/2023;BBAS3;18,925;0,0
06/03/2023;BBAS3;19,195;0,0
13/03/2023;BBAS3;18,65;0,176018
20/03/2023;BBAS3;18,795;0,0
27/03/2023;BBAS3;19,555;0,0
03/04/2023;BBAS3;19,51;0,0
10/04/2023;BBAS3;21,715;0,0
17/04/2023;BBAS3;21,755;0,0
24/04/2023;BBAS3;21,43;0,0
01/05/2023;BBAS3;21,625;0,0
08/05/2023;BBAS3;22,115;0,0
15/05/2023;BBAS3;22,02;0,0
22/05/2023;BBAS3;22,2;0,0
29/05/2023;BBAS3;22,37;0,388714
05/06/2023;BBAS3;23,87;0,0
12/06/2023;BBAS3;24,745;0,169316
19/06/2023;BBAS3;25,51;0,0
26/06/2023;BBAS3;24,7;0,0
03/07/2023;BBAS3;24,98;0,0
10/07/2023;BBAS3;23,845;0,0
17/07/2023;BBAS3;24,26;0,0
24/07/2023;BBAS3;23,64;0,0
31/07/2023;BBAS3;23,7;0,0
07/08/2023;BBAS3;23,74;0,0
14/08/2023;BBAS3;23,895;0,0
21/08/2023;BBAS3;23,465;0,407864
28/08/2023;BBAS3;23,71;0,0
04/09/2023;BBAS3;23,32;0,0
11/09/2023;BBAS3;23,775;0,167099
18/09/2023;BBAS3;23,345;0,0
25/09/2023;BBAS3;23,59;0,0
02/10/2023;BBAS3;24,425;0,0
09/10/2023;BBAS3;24,41;0,0
16/10/2023;BBAS3;24,67;0,0
23/10/2023;BBAS3;24,4;0,0
30/10/2023;BBAS3;25,05;0,0
06/11/2023;BBAS3;25,12;0,0
13/11/2023;BBAS3;25,33;0,0
20/11/2023;BBAS3;25,48;0,0
27/11/2023;BBAS3;27,19;0,0
04/12/2023;BBAS3;27,225;0,0
11/12/2023;BBAS3;27,305;0,171153
18/12/2023;BBAS3;27,22;0,0
25/12/2023;BBAS3;27,695;0,0
01/01/2024;BBAS3;27,44;0,0
08/01/2024;BBAS3;27,56;0,0
15/01/2024;BBAS3;27,96;0,0
22/01/2024;BBAS3;28,485;0,0
29/01/2024;BBAS3;28,86;0,0
05/02/2024;BBAS3;28,785;0,0
12/02/2024;BBAS3;28,935;0,0
19/02/2024;BBAS3;28,69;0,0
26/02/2024;BBAS3;28,96;0,0
04/03/2024;BBAS3;28,905;0,0
11/03/2024;BBAS3;28,645;0,205018
18/03/2024;BBAS3;27,705;0,0
25/03/2024;BBAS3;28,31;0,0
01/04/2024;BBAS3;28,505;0,0
08/04/2024;BBAS3;28,495;0,0
15/04/2024;BBAS3;27,71;0,0
22/04/2024;BBAS3;27,38;0,0
29/04/2024;BBAS3;28,22;0,0
06/05/2024;BBAS3;27,62;0,0
13/05/2024;BBAS3;27,69;0,0
20/05/2024;BBAS3;27,08;0,0
27/05/2024;BBAS3;27,12;0,0
03/06/2024;BBAS3;27,18;0,0
10/06/2024;BBAS3;26,45;0,662187
17/06/2024;BBAS3;26,61;0,0
24/06/2024;BBAS3;26,71;0,0
01/07/2024;BBAS3;26,73;0,0
08/07/2024;BBAS3;26,83;0,0
15/07/2024;BBAS3;27,11;0,0
22/07/2024;BBAS3;27,12;0,0
29/07/2024;BBAS3;26,16;0,0
05/08/2024;BBAS3;26,55;0,0
12/08/2024;BBAS3;28,37;0,0
19/08/2024;BBAS3;28,22;0,474655
26/08/2024;BBAS3;28,12;0,0
02/09/2024;BBAS3;28,77;0,0
09/09/2024;BBAS3;28,42;0,186602
16/09/2024;BBAS3;27,5;0,0
23/09/2024;BBAS3;27,25;0,0
30/09/2024;BBAS3;26,86;0,0
07/10/2024;BBAS3;26,33;0,0
14/10/2024;BBAS3;26,69;0,0
21/10/2024;BBAS3;26,37;0,0
28/10/2024;BBAS3;26,09;0,0
04/11/2024;BBAS3;25,99;0,0
11/11/2024;BBAS3;25,37;0,0
18/11/2024;BBAS3;25,6;0,0
25/11/2024;BBAS3;24,77;0,483304
02/12/2024;BBAS3;24,73;0,0
09/12/2024;BBAS3;24,51;0,176491
16/12/2024;BBAS3;24,08;0,0
23/12/2024;BBAS3;24,11;0,0
30/12/2024;BBAS3;23,74;0,0
06/01/2025;BBAS3;24,21;0,0
13/01/2025;BBAS3;25,35;0,0
20/01/2025;BBAS3;26,62;0,0
27/01/2025;BBAS3;27,68;0,0
03/02/2025;BBAS3;27,78;0,0
10/02/2025;BBAS3;28,75;0,0
17/02/2025;BBAS3;27,98;0,0
24/02/2025;BBAS3;27,31;0,0
03/03/2025;BBAS3;28,06;0,0
10/03/2025;BBAS3;27,88;0,640422
17/03/2025;BBAS3;28,37;0,0
24/03/2025;BBAS3;28,64;0,0
31/03/2025;BBAS3;27,98;0,0
07/04/2025;BBAS3;27,8;0,0
14/04/2025;BBAS3;27,43;0,0
21/04/2025;BBAS3;28,01;0,0
28/04/2025;BBAS3;28,9;0,0
05/05/2025;BBAS3;29,53;0,0
12/05/2025;BBAS3;25,67;0,0
19/05/2025;BBAS3;24,42;0,0
26/05/2025;BBAS3;23,42;0,0
02/06/2025;BBAS3;21,71;0,424705
09/06/2025;BBAS3;21,59;0,0
16/06/2025;BBAS3;21,35;0,0
23/06/2025;BBAS3;21,73;0,0
30/06/2025;BBAS3;22,43;0,0
07/07/2025;BBAS3;21,14;0,0
14/07/2025;BBAS3;20,26;0,0
21/07/2025;BBAS3;20,24;0,0
28/07/2025;BBAS3;18,35;0,0
04/08/2025;BBAS3;18,93;0,0
11/08/2025;BBAS3;20,65;0,0
18/08/2025;BBAS3;20,5;0,0
25/08/2025;BBAS3;21,39;0,0
01/09/2025;BBAS3;21,15;0,0
08/09/2025;BBAS3;22,31;0,0
15/09/2025;BBAS3;21,62;0,0
22/09/2025;BBAS3;22,11;0,0
29/09/2025;BBAS3;21,58;0,0
06/10/2025;BBAS3;20,61;0,0
13/10/2025;BBAS3;20,9;0,0
20/10/2025;BBAS3;20,52;0,0
27/10/2025;BBAS3;21,9;0,0
03/11/2025;BBAS3;22,89;0,0
10/11/2025;BBAS3;22,44;0,0
17/11/2025;BBAS3;22,0;0,0
24/11/2025;BBAS3;22,47;0,0
01/12/2025;BBAS3;21,16;0,11776
08/12/2025;BBAS3;21,7;0,0
15/12/2025;BBAS3;21,44;0,0
22/12/2025;BBAS3;21,85;0,0
29/12/2025;BBAS3;21,68;0,0
05/01/2026;BBAS3;21,86;0,0
12/01/2026;BBAS3;21,37;0,0
19/01/2026;BBAS3;24,28;0,0
26/01/2026;BBAS3;25,22;0,0
02/02/2026;BBAS3;24,33;0,0
09/02/2026;BBAS3;25,43;0,0
16/02/2026;BBAS3;26,99;0,0
23/02/2026;BBAS3;26,95;0,220517
02/03/2026;BBAS3;24,75;0,070142
09/03/2026;BBAS3;23,75;0,0
16/03/2026;BBAS3;23,27;0,0
23/03/2026;BBAS3;22,66;0,0
30/03/2026;BBAS3;23,39;0,0
06/04/2026;BBAS3;24,73;0,0
13/04/2026;BBAS3;24,4;0,0
20/04/2026;BBAS3;22,7;0,0
27/04/2026;BBAS3;22,21;0,0
04/05/2026;BBAS3;21,8;0,0
11/05/2026;BBAS3;20,7;0,0
18/05/2026;BBAS3;20,94;0,0
25/05/2026;BBAS3;20,3;0,0
01/06/2026;BBAS3;19,17;0,141262
08/06/2026;BBAS3;19,46;0,0
15/06/2026;BBAS3;19,42;0,0
22/06/2026;BBAS3;20,34;0,0
29/06/2026;BBAS3;19,98;0,0
06/07/2026;BBAS3;20,58;0,0
13/07/2026;BBAS3;20,49;0,0
20/07/2026;BBAS3;20,35;0,0
27/07/2026;BBAS3;21,35;0,0
03/08/2026;BBAS3;20,06;0,0
10/08/2026;BBAS3;18,38;0,0
17/08/2026;BBAS3;18,43;0,0
24/08/2026;BBAS3;20,17;0,0
31/08/2026;BBAS3;22,52;0,10527
07/09/2026;BBAS3;22,49;0,0
14/09/2026;BBAS3;23,2;0,0
21/09/2026;BBAS3;21,59;0,0
28/09/2026;BBAS3;22,04;0,0
27/09/2021;BBDC4;19,4091;0,0
04/10/2021;BBDC4;18,9545;0,017219
11/10/2021;BBDC4;19,3455;0,0
18/10/2021;BBDC4;18,5909;0,0
25/10/2021;BBDC4;18,0909;0,0
01/11/2021;BBDC4;18,1727;0,017219
08/11/2021;BBDC4;18,8091;0,0
15/11/2021;BBDC4;18,6636;0,0
22/11/2021;BBDC4;18,5636;0,0
29/11/2021;BBDC4;18,8727;0,017219
06/12/2021;BBDC4;18,3727;0,0
13/12/2021;BBDC4;18,0182;0,0
20/12/2021;BBDC4;17,4909;0,215881
27/12/2021;BBDC4;17,4636;0,0
03/01/2022;BBDC4;18,3909;0,017219
10/01/2022;BBDC4;18,9727;0,0
17/01/2022;BBDC4;18,9636;0,0
24/01/2022;BBDC4;20,5455;0,0
31/01/2022;BBDC4;20,8455;0,017219
07/02/2022;BBDC4;19,2182;0,0
14/02/2022;BBDC4;19,3727;0,0
21/02/2022;BBDC4;18,5;0,0
28/02/2022;BBDC4;18,1091;0,017219
07/03/2022;BBDC4;18,8182;0,0
14/03/2022;BBDC4;19,2091;0,0
21/03/2022;BBDC4;20,2545;0,0
28/03/2022;BBDC4;19,9818;0,0
04/04/2022;BBDC4;19,5273;0,017219
11/04/2022;BBDC4;19,4818;0,0
18/04/2022;BBDC4;19,22;0,0
25/04/2022;BBDC4;17,98;0,0
02/05/2022;BBDC4;18,1;0,018941
09/05/2022;BBDC4;19,21;0,0
16/05/2022;BBDC4;19,67;0,0
23/05/2022;BBDC4;20,58;0,0
30/05/2022;BBDC4;19,91;0,018941
06/06/2022;BBDC4;19,11;0,0
13/06/2022;BBDC4;18,48;0,0
20/06/2022;BBDC4;17,92;0,196257
27/06/2022;BBDC4;17,33;0,0
04/07/2022;BBDC4;17,39;0,018941
11/07/2022;BBDC4;16,44;0,0
18/07/2022;BBDC4;17,05;0,0
25/07/2022;BBDC4;17,43;0,0
01/08/2022;BBDC4;18,5;0,018941
08/08/2022;BBDC4;19,53;0,0
15/08/2022;BBDC4;19,61;0,0
22/08/2022;BBDC4;19,44;0,0
29/08/2022;BBDC4;19,31;0,018941
05/09/2022;BBDC4;19,38;0,0
12/09/2022;BBDC4;19,04;0,0
19/09/2022;BBDC4;20,1;0,0
26/09/2022;BBDC4;19,84;0,0
03/10/2022;BBDC4;20,47;0,018941
10/10/2022;BBDC4;19,69;0,0
17/10/2022;BBDC4;20,73;0,0
24/10/2022;BBDC4;19,33;0,0
31/10/2022;BBDC4;19,4;0,018941
07/11/2022;BBDC4;15,15;0,0
14/11/2022;BBDC4;15,61;0,0
21/11/2022;BBDC4;15,35;0,0
28/11/2022;BBDC4;15,37;0,018942
05/12/2022;BBDC4;14,3;0,0
12/12/2022;BBDC4;13,82;0,0
19/12/2022;BBDC4;15,14;0,0
26/12/2022;BBDC4;15,15;0,0
02/01/2023;BBDC4;15,06;0,018942
09/01/2023;BBDC4;14,99;0,582401
16/01/2023;BBDC4;14,67;0,0
23/01/2023;BBDC4;13,72;0,0
30/01/2023;BBDC4;13,63;0,018942
06/02/2023;BBDC4;12,67;0,0
13/02/2023;BBDC4;13,94;0,0
20/02/2023;BBDC4;13,3;0,0
27/02/2023;BBDC4;12,86;0,018942
06/03/2023;BBDC4;13,57;0,0
13/03/2023;BBDC4;13,33;0,0
20/03/2023;BBDC4;12,71;0,0
27/03/2023;BBDC4;13,17;0,0
03/04/2023;BBDC4;13,03;0,018942
10/04/2023;BBDC4;13,79;0,0
17/04/2023;BBDC4;13,51;0,0
24/04/2023;BBDC4;13,85;0,0
01/05/2023;BBDC4;14,77;0,018942
08/05/2023;BBDC4;15,47;0,0
15/05/2023;BBDC4;16,08;0,0
22/05/2023;BBDC4;16,12;0,0
29/05/2023;BBDC4;15,78;0,018942
05/06/2023;BBDC4;16,86;0,0
12/06/2023;BBDC4;16,95;0,0
19/06/2023;BBDC4;16,59;0,0
26/06/2023;BBDC4;16,45;0,196558
03/07/2023;BBDC4;16,28;0,018942
10/07/2023;BBDC4;16,43;0,0
17/07/2023;BBDC4;17,06;0,0
24/07/2023;BBDC4;16,51;0,0
31/07/2023;BBDC4;15,45;0,018942
07/08/2023;BBDC4;15,37;0,0
14/08/2023;BBDC4;15,19;0,0
21/08/2023;BBDC4;14,83;0,0
28/08/2023;BBDC4;14,99;0,0
04/09/2023;BBDC4;14,38;0,018942
11/09/2023;BBDC4;14,92;0,0
18/09/2023;BBDC4;14,15;0,0
25/09/2023;BBDC4;14,3;0,0
02/10/2023;BBDC4;14,47;0,018942
09/10/2023;BBDC4;14,49;0,0
16/10/2023;BBDC4;14,16;0,0
23/10/2023;BBDC4;14,35;0,0
30/10/2023;BBDC4;14,77;0,018942
06/11/2023;BBDC4;15,04;0,0
13/11/2023;BBDC4;15,43;0,0
20/11/2023;BBDC4;16,16;0,0
27/11/2023;BBDC4;16,32;0,0
04/12/2023;BBDC4;16,46;0,018942
11/12/2023;BBDC4;17,42;0,0
18/12/2023;BBDC4;16,83;0,687755
25/12/2023;BBDC4;17,09;0,0
01/01/2024;BBDC4;16,88;0,018942
08/01/2024;BBDC4;15,81;0,0
15/01/2024;BBDC4;15,64;0,0
22/01/2024;BBDC4;15,52;0,0
29/01/2024;BBDC4;15,32;0,018942
05/02/2024;BBDC4;13,46;0,0
12/02/2024;BBDC4;13,48;0,0
19/02/2024;BBDC4;13,82;0,0
26/02/2024;BBDC4;13,8;0,0
04/03/2024;BBDC4;13,84;0,018942
11/03/2024;BBDC4;14,11;0,0
18/03/2024;BBDC4;13,96;0,0
25/03/2024;BBDC4;14,26;0,0
01/04/2024;BBDC4;14,52;0,018942
08/04/2024;BBDC4;14,21;0,0
15/04/2024;BBDC4;13,64;0,0
22/04/2024;BBDC4;13,88;0,0
29/04/2024;BBDC4;13,78;0,018942
06/05/2024;BBDC4;13,37;0,0
13/05/2024;BBDC4;13,43;0,0
20/05/2024;BBDC4;12,97;0,0
27/05/2024;BBDC4;12,67;0,0
03/06/2024;BBDC4;12,95;0,018942
10/06/2024;BBDC4;12,83;0,0
17/06/2024;BBDC4;12,4;0,394375
24/06/2024;BBDC4;12,38;0,0
01/07/2024;BBDC4;12,46;0,018942
08/07/2024;BBDC4;12,64;0,0
15/07/2024;BBDC4;12,49;0,0
22/07/2024;BBDC4;12,45;0,0
29/07/2024;BBDC4;12,65;0,018942
05/08/2024;BBDC4;14,6;0,0
12/08/2024;BBDC4;14,97;0,0
19/08/2024;BBDC4;15,66;0,0
26/08/2024;BBDC4;15,64;0,0
02/09/2024;BBDC4;15,7;0,018942
09/09/2024;BBDC4;15,55;0,0
16/09/2024;BBDC4;14,75;0,0
23/09/2024;BBDC4;14,94;0,0
30/09/2024;BBDC4;15,06;0,216129
07/10/2024;BBDC4;14,8;0,0
14/10/2024;BBDC4;15,32;0,0
21/10/2024;BBDC4;14,93;0,0
28/10/2024;BBDC4;14,11;0,0
04/11/2024;BBDC4;13,51;0,018942
11/11/2024;BBDC4;13,53;0,0
18/11/2024;BBDC4;13,8;0,0
25/11/2024;BBDC4;12,63;0,0
02/12/2024;BBDC4;12,32;0,018942
09/12/2024;BBDC4;12,1;0,0
16/12/2024;BBDC4;11,76;0,0
23/12/2024;BBDC4;11,55;0,0
30/12/2024;BBDC4;11,2;0,312411
06/01/2025;BBDC4;11,18;0,0
13/01/2025;BBDC4;11,59;0,0
20/01/2025;BBDC4;11,3;0,0
27/01/2025;BBDC4;12,09;0,0
03/02/2025;BBDC4;11,99;0,018942
10/02/2025;BBDC4;12,19;0,0
17/02/2025;BBDC4;11,84;0,0
24/02/2025;BBDC4;11,24;0,0
03/03/2025;BBDC4;11,69;0,018942
10/03/2025;BBDC4;12,13;0,0
17/03/2025;BBDC4;12,52;0,0
24/03/2025;BBDC4;12,84;0,0
31/03/2025;BBDC4;12,57;0,246373
07/04/2025;BBDC4;12,62;0,0
14/04/2025;BBDC4;12,78;0,0
21/04/2025;BBDC4;13,38;0,0
28/04/2025;BBDC4;13,44;0,0
05/05/2025;BBDC4;15,12;0,018942
12/05/2025;BBDC4;15,4;0,0
19/05/2025;BBDC4;15,64;0,0
26/05/2025;BBDC4;16,2;0,0
02/06/2025;BBDC4;15,96;0,018942
09/06/2025;BBDC4;16,29;0,0
16/06/2025;BBDC4;16,62;0,0
23/06/2025;BBDC4;16,57;0,0
30/06/2025;BBDC4;16,67;0,315591
07/07/2025;BBDC4;16,05;0,0
14/07/2025;BBDC4;15,67;0,0
21/07/2025;BBDC4;15,56;0,0
28/07/2025;BBDC4;15,56;0,0
04/08/2025;BBDC4;15,96;0,018942
11/08/2025;BBDC4;16,03;0,0
18/08/2025;BBDC4;16,31;0,0
25/08/2025;BBDC4;16,83;0,0
01/09/2025;BBDC4;17,24;0,018942
08/09/2025;BBDC4;16,83;0,0
15/09/2025;BBDC4;17,71;0,0
22/09/2025;BBDC4;17,66;0,0
29/09/2025;BBDC4;17,1;0,315591
06/10/2025;BBDC4;16,85;0,0
13/10/2025;BBDC4;17,68;0,0
20/10/2025;BBDC4;18,08;0,0
27/10/2025;BBDC4;18,16;0,0
03/11/2025;BBDC4;18,73;0,018942
10/11/2025;BBDC4;19,47;0,0
17/11/2025;BBDC4;18,79;0,0
24/11/2025;BBDC4;19,65;0,0
01/12/2025;BBDC4;18,12;0,018942
08/12/2025;BBDC4;18,66;0,0
15/12/2025;BBDC4;18,5;0,0
22/12/2025;BBDC4;18,4;0,0
29/12/2025;BBDC4;18,22;0,385644
05/01/2026;BBDC4;18,54;0,018942
12/01/2026;BBDC4;18,91;0,0
19/01/2026;BBDC4;20,79;0,0
26/01/2026;BBDC4;21,31;0,0
02/02/2026;BBDC4;20,61;0,018942
09/02/2026;BBDC4;20,97;0,0
16/02/2026;BBDC4;21,76;0,0
23/02/2026;BBDC4;21,15;0,0
02/03/2026;BBDC4;19,55;0,018942
09/03/2026;BBDC4;18,99;0,0
16/03/2026;BBDC4;18,33;0,0
23/03/2026;BBDC4;18,52;0,0
30/03/2026;BBDC4;19,12;0,018942
06/04/2026;BBDC4;20,44;0,296826
13/04/2026;BBDC4;21,26;0,0
20/04/2026;BBDC4;19,92;0,0
27/04/2026;BBDC4;19,32;0,0
04/05/2026;BBDC4;18,59;0,018942
11/05/2026;BBDC4;17,69;0,0
18/05/2026;BBDC4;17,62;0,0
25/05/2026;BBDC4;17,7;0,0
01/06/2026;BBDC4;17,47;0,018942
08/06/2026;BBDC4;17,8;0,0
15/06/2026;BBDC4;17,47;0,0
22/06/2026;BBDC4;17,92;0,0
29/06/2026;BBDC4;18,26;0,018942
06/07/2026;BBDC4;18,86;0,346297
13/07/2026;BBDC4;18,29;0,0
20/07/2026;BBDC4;18,48;0,0
27/07/2026;BBDC4;18,3982;0,0
03/08/2026;BBDC4;17,31;0,018942
10/08/2026;BBDC4;16,54;0,0
17/08/2026;BBDC4;16,24;0,0
24/08/2026;BBDC4;17,08;0,0
31/08/2026;BBDC4;17,9;0,018975
07/09/2026;BBDC4;18,59;0,0
14/09/2026;BBDC4;17,99;0,0
21/09/2026;BBDC4;17,88;0,0
28/09/2026;BBDC4;17,78;0,0
27/09/2021;BRBI11;19,99;0,0
04/10/2021;BRBI11;20,25;0,0
11/10/2021;BRBI11;19,46;0,0
18/10/2021;BRBI11;19,49;0,0
25/10/2021;BRBI11;16,61;0,0
01/11/2021;BRBI11;17,0;0,0
08/11/2021;BRBI11;18,52;0,0
15/11/2021;BRBI11;17,96;0,0
22/11/2021;BRBI11;17,7;0,0
29/11/2021;BRBI11;16,82;0,0
06/12/2021;BRBI11;16,94;0,0
13/12/2021;BRBI11;16,62;0,0
20/12/2021;BRBI11;15,11;0,0
27/12/2021;BRBI11;14,69;0,0
03/01/2022;BRBI11;14,7;0,0
10/01/2022;BRBI11;16,7;0,0
17/01/2022;BRBI11;16,54;0,0
24/01/2022;BRBI11;17,68;0,0
31/01/2022;BRBI11;17,92;0,0
07/02/2022;BRBI11;18,45;0,0
14/02/2022;BRBI11;19,12;0,0
21/02/2022;BRBI11;18,8;0,0
28/02/2022;BRBI11;18,94;0,0
07/03/2022;BRBI11;17,71;0,0
14/03/2022;BRBI11;18,15;0,0
21/03/2022;BRBI11;18,21;0,81
28/03/2022;BRBI11;18,28;0,0
04/04/2022;BRBI11;16,85;0,0
11/04/2022;BRBI11;17,1;0,0
18/04/2022;BRBI11;16,25;0,0
25/04/2022;BRBI11;15,92;0,0
02/05/2022;BRBI11;15,5;0,0
09/05/2022;BRBI11;15,05;0,0
16/05/2022;BRBI11;15,9;0,0
23/05/2022;BRBI11;15,25;0,0
30/05/2022;BRBI11;16,0;0,0
06/06/2022;BRBI11;14,9;0,0
13/06/2022;BRBI11;13,9;0,0
20/06/2022;BRBI11;13,4;0,0
27/06/2022;BRBI11;13,23;0,0
04/07/2022;BRBI11;13,12;0,0
11/07/2022;BRBI11;13,1;0,0
18/07/2022;BRBI11;13,4;0,0
25/07/2022;BRBI11;13,4;0,0
01/08/2022;BRBI11;14,5;0,0
08/08/2022;BRBI11;15,27;0,0
15/08/2022;BRBI11;15,25;0,39
22/08/2022;BRBI11;15,16;0,0
29/08/2022;BRBI11;14,8;0,0
05/09/2022;BRBI11;14,6;0,0
12/09/2022;BRBI11;14,3;0,0
19/09/2022;BRBI11;14,56;0,0
26/09/2022;BRBI11;13,87;0,0
03/10/2022;BRBI11;14,74;0,0
10/10/2022;BRBI11;14,56;0,0
17/10/2022;BRBI11;15,47;0,0
24/10/2022;BRBI11;14,43;0,0
31/10/2022;BRBI11;15,58;0,0
07/11/2022;BRBI11;13,25;0,0
14/11/2022;BRBI11;12,25;0,0
21/11/2022;BRBI11;12,67;0,18
28/11/2022;BRBI11;13,1;0,0
05/12/2022;BRBI11;12,12;0,0
12/12/2022;BRBI11;10,94;0,0
19/12/2022;BRBI11;11,31;0,0
26/12/2022;BRBI11;11,89;0,0
02/01/2023;BRBI11;11,23;0,0
09/01/2023;BRBI11;11,32;0,0
16/01/2023;BRBI11;11,69;0,0
23/01/2023;BRBI11;11,97;0,0
30/01/2023;BRBI11;11,62;0,0
06/02/2023;BRBI11;11,48;0,0
13/02/2023;BRBI11;11,07;0,0
20/02/2023;BRBI11;11,0;0,0
27/02/2023;BRBI11;10,76;0,0
06/03/2023;BRBI11;10,56;0,0
13/03/2023;BRBI11;10,79;0,0
20/03/2023;BRBI11;9,59;0,3
27/03/2023;BRBI11;9,94;0,0
03/04/2023;BRBI11;10,03;0,0
10/04/2023;BRBI11;10,35;0,0
17/04/2023;BRBI11;10,2;0,0
24/04/2023;BRBI11;10,27;0,0
01/05/2023;BRBI11;10,23;0,0
08/05/2023;BRBI11;10,96;0,0
15/05/2023;BRBI11;11,63;0,12
22/05/2023;BRBI11;11,99;0,0
29/05/2023;BRBI11;12,2;0,0
05/06/2023;BRBI11;13,9;0,0
12/06/2023;BRBI11;13,88;0,0
19/06/2023;BRBI11;14,05;0,0
26/06/2023;BRBI11;14,44;0,0
03/07/2023;BRBI11;15,71;0,0
10/07/2023;BRBI11;15,7;0,0
17/07/2023;BRBI11;15,31;0,0
24/07/2023;BRBI11;14,7;0,0
31/07/2023;BRBI11;16,15;0,0
07/08/2023;BRBI11;16,15;0,0
14/08/2023;BRBI11;15,45;0,24
21/08/2023;BRBI11;15,06;0,0
28/08/2023;BRBI11;14,93;0,0
04/09/2023;BRBI11;15,42;0,0
11/09/2023;BRBI11;15,15;0,0
18/09/2023;BRBI11;14,21;0,0
25/09/2023;BRBI11;12,55;0,0
02/10/2023;BRBI11;12,28;0,0
09/10/2023;BRBI11;12,45;0,0
16/10/2023;BRBI11;11,65;0,0
23/10/2023;BRBI11;11,04;0,0
30/10/2023;BRBI11;12,4;0,0
06/11/2023;BRBI11;12,69;0,0
13/11/2023;BRBI11;12,7;0,66
20/11/2023;BRBI11;13,55;0,0
27/11/2023;BRBI11;13,49;0,0
04/12/2023;BRBI11;13,41;0,0
11/12/2023;BRBI11;14,8;0,0
18/12/2023;BRBI11;14,86;0,0
25/12/2023;BRBI11;15,25;0,0
01/01/2024;BRBI11;15,68;0,0
08/01/2024;BRBI11;15,48;0,0
15/01/2024;BRBI11;15,2;0,0
22/01/2024;BRBI11;15,83;0,0
29/01/2024;BRBI11;16,19;0,0
05/02/2024;BRBI11;15,31;0,0
12/02/2024;BRBI11;15,7;0,0
19/02/2024;BRBI11;15,51;0,0
26/02/2024;BRBI11;16,28;0,0
04/03/2024;BRBI11;16,9;0,0
11/03/2024;BRBI11;16,6;0,0
18/03/2024;BRBI11;15,9;0,0
25/03/2024;BRBI11;16,65;0,12
01/04/2024;BRBI11;16,4;0,0
08/04/2024;BRBI11;15,6;0,0
15/04/2024;BRBI11;14,98;0,0
22/04/2024;BRBI11;15,0;0,0
29/04/2024;BRBI11;14,91;0,0
06/05/2024;BRBI11;15,39;0,0
13/05/2024;BRBI11;14,67;0,3
20/05/2024;BRBI11;14,75;0,0
27/05/2024;BRBI11;14,22;0,0
03/06/2024;BRBI11;13,83;0,0
10/06/2024;BRBI11;13,22;0,0
17/06/2024;BRBI11;13,87;0,0
24/06/2024;BRBI11;14,48;0,0
01/07/2024;BRBI11;14,39;0,0
08/07/2024;BRBI11;14,75;0,0
15/07/2024;BRBI11;14,5;0,0
22/07/2024;BRBI11;14,2;0,0
29/07/2024;BRBI11;14,24;0,0
05/08/2024;BRBI11;15,2;0,0
12/08/2024;BRBI11;15,06;0,3
19/08/2024;BRBI11;15,3;0,0
26/08/2024;BRBI11;15,7;0,0
02/09/2024;BRBI11;15,25;0,0
09/09/2024;BRBI11;15,68;0,0
16/09/2024;BRBI11;15,2;0,0
23/09/2024;BRBI11;15,3;0,0
30/09/2024;BRBI11;15,25;0,0
07/10/2024;BRBI11;15,2;0,0
14/10/2024;BRBI11;15,09;0,0
21/10/2024;BRBI11;14,87;0,0
28/10/2024;BRBI11;14,97;0,0
04/11/2024;BRBI11;15,15;0,0
11/11/2024;BRBI11;15,4;0,45
18/11/2024;BRBI11;14,81;0,0
25/11/2024;BRBI11;15,19;0,0
02/12/2024;BRBI11;14,51;0,78
09/12/2024;BRBI11;14,2;0,0
16/12/2024;BRBI11;14,04;0,0
23/12/2024;BRBI11;13,5;0,0
30/12/2024;BRBI11;12,68;0,0
06/01/2025;BRBI11;12,25;0,0
13/01/2025;BRBI11;13,0;0,0
20/01/2025;BRBI11;13,18;0,0
27/01/2025;BRBI11;13,67;0,0
03/02/2025;BRBI11;13,45;0,0
10/02/2025;BRBI11;13,69;0,0
17/02/2025;BRBI11;13,52;0,0
24/02/2025;BRBI11;12,92;0,0
03/03/2025;BRBI11;13,25;0,0
10/03/2025;BRBI11;13,49;0,0
17/03/2025;BRBI11;14,01;0,0
24/03/2025;BRBI11;13,78;0,18
31/03/2025;BRBI11;13,72;0,0
07/04/2025;BRBI11;14,1;0,0
14/04/2025;BRBI11;14,33;0,0
21/04/2025;BRBI11;14,63;0,0
28/04/2025;BRBI11;14,58;0,0
05/05/2025;BRBI11;15,37;0,0
12/05/2025;BRBI11;15,61;0,3
19/05/2025;BRBI11;15,12;0,0
26/05/2025;BRBI11;15,25;0,0
02/06/2025;BRBI11;15,15;0,0
09/06/2025;BRBI11;15,46;0,0
16/06/2025;BRBI11;15,35;0,0
23/06/2025;BRBI11;15,21;0,0
30/06/2025;BRBI11;16,55;0,0
07/07/2025;BRBI11;16,52;0,0
14/07/2025;BRBI11;16,16;0,0
21/07/2025;BRBI11;15,8;0,0
28/07/2025;BRBI11;15,62;0,0
04/08/2025;BRBI11;16,02;0,0
11/08/2025;BRBI11;15,62;0,36
18/08/2025;BRBI11;15,64;0,0
25/08/2025;BRBI11;16,66;0,0
01/09/2025;BRBI11;16,75;0,0
08/09/2025;BRBI11;17,43;0,0
15/09/2025;BRBI11;18,0;0,0
22/09/2025;BRBI11;19,01;0,0
29/09/2025;BRBI11;17,93;0,0
06/10/2025;BRBI11;17,5;0,0
13/10/2025;BRBI11;18,4;0,0
20/10/2025;BRBI11;19,44;0,0
27/10/2025;BRBI11;19,4;0,0
03/11/2025;BRBI11;20,09;0,0
10/11/2025;BRBI11;20,96;0,0
17/11/2025;BRBI11;19,47;1,02
24/11/2025;BRBI11;20,74;0,0
01/12/2025;BRBI11;19,14;0,0
08/12/2025;BRBI11;18,94;0,0
15/12/2025;BRBI11;18,82;0,0
22/12/2025;BRBI11;18,84;0,0
29/12/2025;BRBI11;19,24;0,0
05/01/2026;BRBI11;19,23;0,0
12/01/2026;BRBI11;17,98;0,0
19/01/2026;BRBI11;18,79;0,0
26/01/2026;BRBI11;19,83;0,0
02/02/2026;BRBI11;19,02;0,0
09/02/2026;BRBI11;18,56;0,0
16/02/2026;BRBI11;19,46;0,0
23/02/2026;BRBI11;19,43;0,0
02/03/2026;BRBI11;18,7;0,0
09/03/2026;BRBI11;18,81;0,0
16/03/2026;BRBI11;18,5;0,0
23/03/2026;BRBI11;19,07;0,0
30/03/2026;BRBI11;19,41;0,0
06/04/2026;BRBI11;20,28;0,0
13/04/2026;BRBI11;19,92;0,0
20/04/2026;BRBI11;18,8;0,0
27/04/2026;BRBI11;18,45;0,0
04/05/2026;BRBI11;17,51;0,0
11/05/2026;BRBI11;17,59;0,0
18/05/2026;BRBI11;16,25;0,18
25/05/2026;BRBI11;15,98;0,0
01/06/2026;BRBI11;15,25;0,0
08/06/2026;BRBI11;15,53;0,0
15/06/2026;BRBI11;14,49;0,0
22/06/2026;BRBI11;14,4;0,0
29/06/2026;BRBI11;14,52;0,0
06/07/2026;BRBI11;15,33;0,0
13/07/2026;BRBI11;14,67;0,0
20/07/2026;BRBI11;14,55;0,0
27/07/2026;BRBI11;14,38;0,0
03/08/2026;BRBI11;13,0;0,0
10/08/2026;BRBI11;12,1;0,0
17/08/2026;BRBI11;12,15;0,18
24/08/2026;BRBI11;13,15;0,0
31/08/2026;BRBI11;14,3;0,0
07/09/2026;BRBI11;14,52;0,0
14/09/2026;BRBI11;14,22;0,0
21/09/2026;BRBI11;14,83;0,0
28/09/2026;BRBI11;14,67;0,0
27/09/2021;BRCR11;74,0;0,0
04/10/2021;BRCR11;72,08;0,0
11/10/2021;BRCR11;72,85;0,0
18/10/2021;BRCR11;70,38;0,0
25/10/2021;BRCR11;67,22;0,0
01/11/2021;BRCR11;66,28;0,0
08/11/2021;BRCR11;62,9;0,0
15/11/2021;BRCR11;63,3;0,0
22/11/2021;BRCR11;63,13;0,0
29/11/2021;BRCR11;64,59;0,0
06/12/2021;BRCR11;70,79;0,0
13/12/2021;BRCR11;71,84;0,0
20/12/2021;BRCR11;71,3;0,0
27/12/2021;BRCR11;72,8;0,0
03/01/2022;BRCR11;71,4;0,0
10/01/2022;BRCR11;71,65;0,0
17/01/2022;BRCR11;71,0;0,0
24/01/2022;BRCR11;70,5;0,0
31/01/2022;BRCR11;70,33;0,0
07/02/2022;BRCR11;69,32;0,0
14/02/2022;BRCR11;68,35;0,0
21/02/2022;BRCR11;68,84;0,0
28/02/2022;BRCR11;69,02;0,0
07/03/2022;BRCR11;66,09;0,0
14/03/2022;BRCR11;66,33;0,0
21/03/2022;BRCR11;66,23;0,0
28/03/2022;BRCR11;68,49;0,0
04/04/2022;BRCR11;70,59;0,5
11/04/2022;BRCR11;70,43;0,0
18/04/2022;BRCR11;69,98;0,0
25/04/2022;BRCR11;69,7;0,0
02/05/2022;BRCR11;68,0;0,0
09/05/2022;BRCR11;68,48;0,5
16/05/2022;BRCR11;67,66;0,0
23/05/2022;BRCR11;66,59;0,0
30/05/2022;BRCR11;68,49;0,0
06/06/2022;BRCR11;65,29;0,41
13/06/2022;BRCR11;64,87;0,0
20/06/2022;BRCR11;63,74;0,0
27/06/2022;BRCR11;60,53;0,0
04/07/2022;BRCR11;59,78;0,41
11/07/2022;BRCR11;57,8;0,0
18/07/2022;BRCR11;54,99;0,0
25/07/2022;BRCR11;56,85;0,0
01/08/2022;BRCR11;58,0;0,0
08/08/2022;BRCR11;59,02;0,47
15/08/2022;BRCR11;64,86;0,0
22/08/2022;BRCR11;67,4;0,0
29/08/2022;BRCR11;70,12;0,0
05/09/2022;BRCR11;69,4;0,47
12/09/2022;BRCR11;67,06;0,0
19/09/2022;BRCR11;68,1;0,0
26/09/2022;BRCR11;69,79;0,0
03/10/2022;BRCR11;67,99;0,0
10/10/2022;BRCR11;67,3;0,47
17/10/2022;BRCR11;67,5;0,0
24/10/2022;BRCR11;66,67;0,0
31/10/2022;BRCR11;67,99;0,0
07/11/2022;BRCR11;62,68;0,47
14/11/2022;BRCR11;59,5;0,0
21/11/2022;BRCR11;59,0;0,0
28/11/2022;BRCR11;58,29;0,0
05/12/2022;BRCR11;58,01;0,5
12/12/2022;BRCR11;56,6;0,0
19/12/2022;BRCR11;57,1;0,0
26/12/2022;BRCR11;59,22;0,0
02/01/2023;BRCR11;60,47;0,0
09/01/2023;BRCR11;58,3;0,47
16/01/2023;BRCR11;58,28;0,0
23/01/2023;BRCR11;57,2;0,0
30/01/2023;BRCR11;56,65;0,0
06/02/2023;BRCR11;54,0;0,47
13/02/2023;BRCR11;54,43;0,0
20/02/2023;BRCR11;54,25;0,0
27/02/2023;BRCR11;55,03;0,0
06/03/2023;BRCR11;55,76;0,46
13/03/2023;BRCR11;53,26;0,0
20/03/2023;BRCR11;52,43;0,0
27/03/2023;BRCR11;52,78;0,0
03/04/2023;BRCR11;53,28;0,0
10/04/2023;BRCR11;52,99;0,46
17/04/2023;BRCR11;54,85;0,0
24/04/2023;BRCR11;55,85;0,0
01/05/2023;BRCR11;57,6;0,0
08/05/2023;BRCR11;57,56;0,45
15/05/2023;BRCR11;59,93;0,0
22/05/2023;BRCR11;58,49;0,0
29/05/2023;BRCR11;58,85;0,0
05/06/2023;BRCR11;59,03;0,45
12/06/2023;BRCR11;62,39;0,0
19/06/2023;BRCR11;63,29;0,0
26/06/2023;BRCR11;66,79;0,0
03/07/2023;BRCR11;70,59;0,0
10/07/2023;BRCR11;67,59;0,45
17/07/2023;BRCR11;68,45;0,0
24/07/2023;BRCR11;67,6;0,0
31/07/2023;BRCR11;67,49;0,0
07/08/2023;BRCR11;67,24;0,45
14/08/2023;BRCR11;65,9;0,0
21/08/2023;BRCR11;61,06;0,0
28/08/2023;BRCR11;62,8;0,0
04/09/2023;BRCR11;62,88;0,0
11/09/2023;BRCR11;62,65;0,41
18/09/2023;BRCR11;62,43;0,0
25/09/2023;BRCR11;59,39;0,0
02/10/2023;BRCR11;58,68;0,0
09/10/2023;BRCR11;57,25;0,41
16/10/2023;BRCR11;54,9;0,0
23/10/2023;BRCR11;52,9;0,0
30/10/2023;BRCR11;55,0;0,0
06/11/2023;BRCR11;57,89;0,41
13/11/2023;BRCR11;58,55;0,0
20/11/2023;BRCR11;60,0;0,0
27/11/2023;BRCR11;59,29;0,0
04/12/2023;BRCR11;60,06;0,0
11/12/2023;BRCR11;58,87;0,0
18/12/2023;BRCR11;60,01;0,0
25/12/2023;BRCR11;59,3;0,0
01/01/2024;BRCR11;60,5;0,0
08/01/2024;BRCR11;60,51;0,41
15/01/2024;BRCR11;59,79;0,0
22/01/2024;BRCR11;59,7;0,0
29/01/2024;BRCR11;60,27;0,0
05/02/2024;BRCR11;59,48;0,41
12/02/2024;BRCR11;59,27;0,0
19/02/2024;BRCR11;58,92;0,0
26/02/2024;BRCR11;59,8;0,0
04/03/2024;BRCR11;59,08;0,41
11/03/2024;BRCR11;58,22;0,0
18/03/2024;BRCR11;57,7;0,0
25/03/2024;BRCR11;57,76;0,0
01/04/2024;BRCR11;56,03;0,0
08/04/2024;BRCR11;55,2;0,5
15/04/2024;BRCR11;55,45;0,0
22/04/2024;BRCR11;55,6;0,0
29/04/2024;BRCR11;55,42;0,0
06/05/2024;BRCR11;56,35;0,5
13/05/2024;BRCR11;55,3;0,0
20/05/2024;BRCR11;54,83;0,0
27/05/2024;BRCR11;55,2;0,0
03/06/2024;BRCR11;54,86;0,0
10/06/2024;BRCR11;52,93;0,5
17/06/2024;BRCR11;50,55;0,0
24/06/2024;BRCR11;51,02;0,0
01/07/2024;BRCR11;50,4;0,0
08/07/2024;BRCR11;50,59;0,5
15/07/2024;BRCR11;51,05;0,0
22/07/2024;BRCR11;50,39;0,0
29/07/2024;BRCR11;51,5;0,0
05/08/2024;BRCR11;50,6;0,5
12/08/2024;BRCR11;50,35;0,0
19/08/2024;BRCR11;50,58;0,0
26/08/2024;BRCR11;50,2;0,0
02/09/2024;BRCR11;49,97;0,0
09/09/2024;BRCR11;49,51;0,5
16/09/2024;BRCR11;48,17;0,0
23/09/2024;BRCR11;47,65;0,0
30/09/2024;BRCR11;45,5;0,0
07/10/2024;BRCR11;44,8;0,5
14/10/2024;BRCR11;44,98;0,0
21/10/2024;BRCR11;44,5;0,0
28/10/2024;BRCR11;43,61;0,0
04/11/2024;BRCR11;43,87;0,5
11/11/2024;BRCR11;42,39;0,0
18/11/2024;BRCR11;43,6;0,0
25/11/2024;BRCR11;42,58;0,0
02/12/2024;BRCR11;41,03;0,0
09/12/2024;BRCR11;40,14;0,5
16/12/2024;BRCR11;40,47;0,0
23/12/2024;BRCR11;41,63;0,0
30/12/2024;BRCR11;40,78;0,0
06/01/2025;BRCR11;39,66;0,5
13/01/2025;BRCR11;39,75;0,0
20/01/2025;BRCR11;39,17;0,0
27/01/2025;BRCR11;39,94;0,0
03/02/2025;BRCR11;39,82;0,0
10/02/2025;BRCR11;39,47;0,48
17/02/2025;BRCR11;40,03;0,0
24/02/2025;BRCR11;39,47;0,0
03/03/2025;BRCR11;39,95;0,0
10/03/2025;BRCR11;39,84;0,45
17/03/2025;BRCR11;40,0;0,0
24/03/2025;BRCR11;40,29;0,0
31/03/2025;BRCR11;40,21;0,0
07/04/2025;BRCR11;40,05;0,45
14/04/2025;BRCR11;40,39;0,0
21/04/2025;BRCR11;42,96;0,0
28/04/2025;BRCR11;43,16;0,0
05/05/2025;BRCR11;42,86;0,45
12/05/2025;BRCR11;43,5;0,0
19/05/2025;BRCR11;43,0;0,0
26/05/2025;BRCR11;43,86;0,0
02/06/2025;BRCR11;45,9;0,0
09/06/2025;BRCR11;42,5;0,41
16/06/2025;BRCR11;42,32;0,0
23/06/2025;BRCR11;41,71;0,0
30/06/2025;BRCR11;43,17;0,0
07/07/2025;BRCR11;42,97;0,41
14/07/2025;BRCR11;42,56;0,0
21/07/2025;BRCR11;41,7;0,0
28/07/2025;BRCR11;41,4;0,0
04/08/2025;BRCR11;41,15;0,41
11/08/2025;BRCR11;40,93;0,0
18/08/2025;BRCR11;40,52;0,0
25/08/2025;BRCR11;41,3;0,0
01/09/2025;BRCR11;42,25;0,0
08/09/2025;BRCR11;43,44;0,41
15/09/2025;BRCR11;43,9;0,0
22/09/2025;BRCR11;43,09;0,0
29/09/2025;BRCR11;43,4;0,0
06/10/2025;BRCR11;41,45;0,41
13/10/2025;BRCR11;40,95;0,0
20/10/2025;BRCR11;39,42;0,0
27/10/2025;BRCR11;40,76;0,0
03/11/2025;BRCR11;41,43;0,0
10/11/2025;BRCR11;41,7;0,41
17/11/2025;BRCR11;42,23;0,0
24/11/2025;BRCR11;42,38;0,0
01/12/2025;BRCR11;43,3;0,0
08/12/2025;BRCR11;44,66;0,41
15/12/2025;BRCR11;44,92;0,0
22/12/2025;BRCR11;45,84;0,0
29/12/2025;BRCR11;46,34;0,0
05/01/2026;BRCR11;47,32;0,41
12/01/2026;BRCR11;48,87;0,0
19/01/2026;BRCR11;48,98;0,0
26/01/2026;BRCR11;49,73;0,0
02/02/2026;BRCR11;48,62;0,0
09/02/2026;BRCR11;48,12;0,41
16/02/2026;BRCR11;48,7;0,0
23/02/2026;BRCR11;48,45;0,0
02/03/2026;BRCR11;48,8;0,0
09/03/2026;BRCR11;48,26;0,41
16/03/2026;BRCR11;47,0;0,0
23/03/2026;BRCR11;46,6;0,0
30/03/2026;BRCR11;47,29;0,0
06/04/2026;BRCR11;47,88;0,41
13/04/2026;BRCR11;47,94;0,0
20/04/2026;BRCR11;47,58;0,0
27/04/2026;BRCR11;47,28;0,0
04/05/2026;BRCR11;48,0;0,0
11/05/2026;BRCR11;45,48;0,41
18/05/2026;BRCR11;44,5;0,0
25/05/2026;BRCR11;44,82;0,0
01/06/2026;BRCR11;44,0;0,0
08/06/2026;BRCR11;43,08;0,41
15/06/2026;BRCR11;42,57;0,0
22/06/2026;BRCR11;42,07;0,0
29/06/2026;BRCR11;42,3;0,0
06/07/2026;BRCR11;40,82;0,41
13/07/2026;BRCR11;40,98;0,0
20/07/2026;BRCR11;39,22;0,0
27/07/2026;BRCR11;40,33;0,0
03/08/2026;BRCR11;39,61;0,0
10/08/2026;BRCR11;38,79;0,41
17/08/2026;BRCR11;39,19;0,0
24/08/2026;BRCR11;40,0;0,0
31/08/2026;BRCR11;42,71;0,0
07/09/2026;BRCR11;41,98;0,41
14/09/2026;BRCR11;41,5;0,0
21/09/2026;BRCR11;41,16;0,0
28/09/2026;BRCR11;41,88;0,0
27/09/2021;CMIG4;8,3905;0,0
04/10/2021;CMIG4;8,3609;0,0
11/10/2021;CMIG4;8,8757;0,0
18/10/2021;CMIG4;7,9112;0,0
25/10/2021;CMIG4;7,6213;0,0
01/11/2021;CMIG4;7,8166;0,0
08/11/2021;CMIG4;8,2367;0,0
15/11/2021;CMIG4;8,0533;0,0
22/11/2021;CMIG4;7,9231;0,0
29/11/2021;CMIG4;8,1657;0,0
06/12/2021;CMIG4;8,2663;0,0
13/12/2021;CMIG4;8,355;0,0
20/12/2021;CMIG4;7,7396;0,333935
27/12/2021;CMIG4;7,7574;0,0
03/01/2022;CMIG4;7,2544;0,0
10/01/2022;CMIG4;7,5325;0,0
17/01/2022;CMIG4;7,6864;0,0
24/01/2022;CMIG4;7,7101;0,0
31/01/2022;CMIG4;7,5799;0,0
07/02/2022;CMIG4;7,5503;0,0
14/02/2022;CMIG4;7,7041;0,0
21/02/2022;CMIG4;7,574;0,0
28/02/2022;CMIG4;7,6864;0,0
07/03/2022;CMIG4;7,4852;0,0
14/03/2022;CMIG4;8,2781;0,0
21/03/2022;CMIG4;8,7396;0,0
28/03/2022;CMIG4;9,0355;0,439146
04/04/2022;CMIG4;8,9882;0,0
11/04/2022;CMIG4;9,1479;0,0
18/04/2022;CMIG4;8,6568;0,0
25/04/2022;CMIG4;8,6805;0,0
02/05/2022;CMIG4;7,8308;0,459552
09/05/2022;CMIG4;8,1308;0,0
16/05/2022;CMIG4;8,7154;0,0
23/05/2022;CMIG4;8,8769;0,0
30/05/2022;CMIG4;8,8077;0,0
06/06/2022;CMIG4;8,4;0,0
13/06/2022;CMIG4;8,2615;0,0
20/06/2022;CMIG4;8,1692;0,0
27/06/2022;CMIG4;8,0615;0,123397
04/07/2022;CMIG4;7,9077;0,0
11/07/2022;CMIG4;8,0385;0,0
18/07/2022;CMIG4;8,1923;0,0
25/07/2022;CMIG4;8,6462;0,0
01/08/2022;CMIG4;9,0;0,0
08/08/2022;CMIG4;9,5538;0,0
15/08/2022;CMIG4;9,8615;0,0
22/08/2022;CMIG4;9,4769;0,0
29/08/2022;CMIG4;9,3154;0,0
05/09/2022;CMIG4;9,3385;0,0
12/09/2022;CMIG4;8,7538;0,0
19/09/2022;CMIG4;9,1077;0,0
26/09/2022;CMIG4;8,2769;0,164831
03/10/2022;CMIG4;8,2846;0,0
10/10/2022;CMIG4;7,8923;0,0
17/10/2022;CMIG4;8,8615;0,0
24/10/2022;CMIG4;8,7308;0,0
31/10/2022;CMIG4;9,1231;0,0
07/11/2022;CMIG4;8,3692;0,0
14/11/2022;CMIG4;7,9538;0,0
21/11/2022;CMIG4;8,5615;0,0
28/11/2022;CMIG4;8,7385;0,0
05/12/2022;CMIG4;8,5231;0,0
12/12/2022;CMIG4;8,4231;0,0
19/12/2022;CMIG4;8,5462;0,13934
26/12/2022;CMIG4;8,5692;0,180207
02/01/2023;CMIG4;8,3692;0,0
09/01/2023;CMIG4;8,7846;0,0
16/01/2023;CMIG4;8,7462;0,0
23/01/2023;CMIG4;8,6154;0,0
30/01/2023;CMIG4;8,5923;0,0
06/02/2023;CMIG4;8,4308;0,0
13/02/2023;CMIG4;8,4154;0,0
20/02/2023;CMIG4;8,1154;0,0
27/02/2023;CMIG4;7,9077;0,0
06/03/2023;CMIG4;8,0846;0,0
13/03/2023;CMIG4;8,0923;0,0
20/03/2023;CMIG4;8,1769;0,0
27/03/2023;CMIG4;8,8;0,148295
03/04/2023;CMIG4;8,9923;0,0
10/04/2023;CMIG4;9,4692;0,0
17/04/2023;CMIG4;9,6462;0,0
24/04/2023;CMIG4;9,5;0,086977
01/05/2023;CMIG4;9,1308;0,0
08/05/2023;CMIG4;9,3615;0,0
15/05/2023;CMIG4;9,3231;0,0
22/05/2023;CMIG4;9,2538;0,0
29/05/2023;CMIG4;9,1385;0,0
05/06/2023;CMIG4;9,6538;0,0
12/06/2023;CMIG4;9,5462;0,0
19/06/2023;CMIG4;9,9308;0,0
26/06/2023;CMIG4;9,8923;0,14916
03/07/2023;CMIG4;9,6923;0,0
10/07/2023;CMIG4;9,6769;0,0
17/07/2023;CMIG4;9,6692;0,0
24/07/2023;CMIG4;9,6923;0,0
31/07/2023;CMIG4;9,3692;0,0
07/08/2023;CMIG4;9,5308;0,0
14/08/2023;CMIG4;9,2385;0,0
21/08/2023;CMIG4;9,4154;0,0
28/08/2023;CMIG4;9,5846;0,0
04/09/2023;CMIG4;9,3538;0,0
11/09/2023;CMIG4;9,8462;0,0
18/09/2023;CMIG4;9,9154;0,0
25/09/2023;CMIG4;9,5462;0,14611
02/10/2023;CMIG4;9,3231;0,0
09/10/2023;CMIG4;9,3462;0,0
16/10/2023;CMIG4;9,0846;0,0
23/10/2023;CMIG4;9,1769;0,0
30/10/2023;CMIG4;9,6538;0,0
06/11/2023;CMIG4;9,8923;0,0
13/11/2023;CMIG4;10,2846;0,0
20/11/2023;CMIG4;8,1231;0,0
27/11/2023;CMIG4;8,4615;0,0
04/12/2023;CMIG4;8,4;0,0
11/12/2023;CMIG4;8,7308;0,0
18/12/2023;CMIG4;8,4692;0,462324
25/12/2023;CMIG4;8,8308;0,0
01/01/2024;CMIG4;8,8769;0,0
08/01/2024;CMIG4;9,3077;0,0
15/01/2024;CMIG4;8,8692;0,0
22/01/2024;CMIG4;8,9538;0,0
29/01/2024;CMIG4;8,7385;0,0
05/02/2024;CMIG4;8,7538;0,0
12/02/2024;CMIG4;8,9692;0,0
19/02/2024;CMIG4;8,9231;0,0
26/02/2024;CMIG4;9,2923;0,0
04/03/2024;CMIG4;9,2077;0,0
11/03/2024;CMIG4;8,7923;0,0
18/03/2024;CMIG4;9,5;0,0
25/03/2024;CMIG4;9,6615;0,135051
01/04/2024;CMIG4;9,9;0,0
08/04/2024;CMIG4;9,8846;0,0
15/04/2024;CMIG4;10,0846;0,0
22/04/2024;CMIG4;9,6846;0,0
29/04/2024;CMIG4;10,52;0,18636
06/05/2024;CMIG4;10,13;0,0
13/05/2024;CMIG4;10,39;0,0
20/05/2024;CMIG4;10,38;0,0
27/05/2024;CMIG4;9,95;0,0
03/06/2024;CMIG4;10,18;0,0
10/06/2024;CMIG4;10,01;0,0
17/06/2024;CMIG4;10,51;0,0
24/06/2024;CMIG4;9,89;0,150212
01/07/2024;CMIG4;10,37;0,0
08/07/2024;CMIG4;10,68;0,0
15/07/2024;CMIG4;10,55;0,0
22/07/2024;CMIG4;10,78;0,0
29/07/2024;CMIG4;10,68;0,0
05/08/2024;CMIG4;10,86;0,0
12/08/2024;CMIG4;11,62;0,0
19/08/2024;CMIG4;12,01;0,0
26/08/2024;CMIG4;11,63;0,49636
02/09/2024;CMIG4;11,84;0,0
09/09/2024;CMIG4;11,77;0,0
16/09/2024;CMIG4;11,57;0,0
23/09/2024;CMIG4;11,32;0,165202
30/09/2024;CMIG4;11,16;0,0
07/10/2024;CMIG4;11,02;0,0
14/10/2024;CMIG4;11,04;0,0
21/10/2024;CMIG4;11,15;0,0
28/10/2024;CMIG4;11,36;0,0
04/11/2024;CMIG4;11,29;0,0
11/11/2024;CMIG4;12,09;0,0
18/11/2024;CMIG4;11,7;0,0
25/11/2024;CMIG4;11,9;0,0
02/12/2024;CMIG4;11,5;0,0
09/12/2024;CMIG4;11,42;0,0
16/12/2024;CMIG4;11,54;0,0
23/12/2024;CMIG4;11,04;0,195808
30/12/2024;CMIG4;10,84;0,0
06/01/2025;CMIG4;10,47;0,0
13/01/2025;CMIG4;10,46;0,0
20/01/2025;CMIG4;10,5;0,0
27/01/2025;CMIG4;10,96;0,0
03/02/2025;CMIG4;10,97;0,0
10/02/2025;CMIG4;11,38;0,0
17/02/2025;CMIG4;11,25;0,0
24/02/2025;CMIG4;11,13;0,0
03/03/2025;CMIG4;11,36;0,0
10/03/2025;CMIG4;10,98;0,0
17/03/2025;CMIG4;10,8;0,0
24/03/2025;CMIG4;10,36;0,189118
31/03/2025;CMIG4;10,0;0,0
07/04/2025;CMIG4;10,11;0,0
14/04/2025;CMIG4;10,35;0,0
21/04/2025;CMIG4;10,93;0,0
28/04/2025;CMIG4;10,33;0,658812
05/05/2025;CMIG4;10,3;0,0
12/05/2025;CMIG4;10,48;0,0
19/05/2025;CMIG4;10,7;0,0
26/05/2025;CMIG4;10,84;0,0
02/06/2025;CMIG4;10,48;0,0
09/06/2025;CMIG4;10,57;0,0
16/06/2025;CMIG4;10,75;0,0
23/06/2025;CMIG4;10,48;0,208607
30/06/2025;CMIG4;11,18;0,0
07/07/2025;CMIG4;10,8;0,0
14/07/2025;CMIG4;10,38;0,0
21/07/2025;CMIG4;10,48;0,0
28/07/2025;CMIG4;10,34;0,0
04/08/2025;CMIG4;10,67;0,0
11/08/2025;CMIG4;10,72;0,0
18/08/2025;CMIG4;10,88;0,0
25/08/2025;CMIG4;11,11;0,0
01/09/2025;CMIG4;11,14;0,0
08/09/2025;CMIG4;10,95;0,0
15/09/2025;CMIG4;11,29;0,0
22/09/2025;CMIG4;11,26;0,0
29/09/2025;CMIG4;10,84;0,211396
06/10/2025;CMIG4;10,57;0,0
13/10/2025;CMIG4;10,83;0,0
20/10/2025;CMIG4;10,71;0,0
27/10/2025;CMIG4;11,34;0,0
03/11/2025;CMIG4;11,57;0,0
10/11/2025;CMIG4;11,24;0,0
17/11/2025;CMIG4;11,01;0,0
24/11/2025;CMIG4;11,5;0,0
01/12/2025;CMIG4;11,08;0,0
08/12/2025;CMIG4;11,12;0,0
15/12/2025;CMIG4;11,08;0,0
22/12/2025;CMIG4;11,12;0,382678
29/12/2025;CMIG4;11,16;0,0
05/01/2026;CMIG4;10,96;0,0
12/01/2026;CMIG4;10,77;0,0
19/01/2026;CMIG4;11,71;0,0
26/01/2026;CMIG4;11,48;0,0
02/02/2026;CMIG4;11,35;0,0
09/02/2026;CMIG4;11,76;0,0
16/02/2026;CMIG4;11,96;0,0
23/02/2026;CMIG4;12,07;0,0
02/03/2026;CMIG4;11,56;0,0
09/03/2026;CMIG4;11,72;0,0
16/03/2026;CMIG4;12,24;0,0
23/03/2026;CMIG4;12,32;0,23
30/03/2026;CMIG4;12,76;0,0
06/04/2026;CMIG4;13,81;0,0
13/04/2026;CMIG4;13,64;0,0
20/04/2026;CMIG4;13,05;0,0
27/04/2026;CMIG4;12,54;0,0
04/05/2026;CMIG4;11,77;0,236356
11/05/2026;CMIG4;11,27;0,0
18/05/2026;CMIG4;11,22;0,0
25/05/2026;CMIG4;10,76;0,0
01/06/2026;CMIG4;10,88;0,0
08/06/2026;CMIG4;10,73;0,0
15/06/2026;CMIG4;10,68;0,0
22/06/2026;CMIG4;10,96;0,220405
29/06/2026;CMIG4;11,03;0,0
06/07/2026;CMIG4;11,38;0,0
13/07/2026;CMIG4;11,12;0,0
20/07/2026;CMIG4;10,98;0,0
27/07/2026;CMIG4;11,34;0,0
03/08/2026;CMIG4;10,92;0,0
10/08/2026;CMIG4;10,23;0,0
17/08/2026;CMIG4;10,04;0,0
24/08/2026;CMIG4;10,51;0,0
31/08/2026;CMIG4;11,26;0,0
07/09/2026;CMIG4;11,45;0,0
14/09/2026;CMIG4;11,21;0,0
21/09/2026;CMIG4;10,89;0,069913
28/09/2026;CMIG4;10,96;0,0
27/09/2021;CPTS11;10,2808;0,0
04/10/2021;CPTS11;10,2808;0,0
11/10/2021;CPTS11;10,2808;0,0
18/10/2021;CPTS11;10,2808;0,0
25/10/2021;CPTS11;10,2808;0,0
01/11/2021;CPTS11;10,2808;0,0
08/11/2021;CPTS11;10,2808;0,0
15/11/2021;CPTS11;10,2808;0,0
22/11/2021;CPTS11;10,2808;0,0
29/11/2021;CPTS11;10,2808;0,0
06/12/2021;CPTS11;10,2808;0,0
13/12/2021;CPTS11;10,2808;0,0
20/12/2021;CPTS11;10,2808;0,0
27/12/2021;CPTS11;10,2808;0,0
03/01/2022;CPTS11;10,2808;0,0
10/01/2022;CPTS11;10,2808;0,0
17/01/2022;CPTS11;10,2808;0,0
24/01/2022;CPTS11;10,2808;0,0
31/01/2022;CPTS11;10,2808;0,0
07/02/2022;CPTS11;10,2808;0,0
14/02/2022;CPTS11;10,2808;0,0
21/02/2022;CPTS11;10,2808;0,0
28/02/2022;CPTS11;10,2808;0,0
07/03/2022;CPTS11;10,2808;0,0
14/03/2022;CPTS11;10,2808;0,0
21/03/2022;CPTS11;10,2808;0,0
28/03/2022;CPTS11;10,2808;0,0
04/04/2022;CPTS11;10,2808;0,0
11/04/2022;CPTS11;10,2808;0,11
18/04/2022;CPTS11;10,2808;0,0
25/04/2022;CPTS11;10,2808;0,0
02/05/2022;CPTS11;10,2808;0,0
09/05/2022;CPTS11;10,2808;0,108
16/05/2022;CPTS11;10,2808;0,0
23/05/2022;CPTS11;10,2808;0,0
30/05/2022;CPTS11;10,2808;0,0
06/06/2022;CPTS11;10,2808;0,0
13/06/2022;CPTS11;10,2808;0,112
20/06/2022;CPTS11;10,2808;0,0
27/06/2022;CPTS11;10,2808;0,0
04/07/2022;CPTS11;10,2808;0,0
11/07/2022;CPTS11;10,2808;0,11
18/07/2022;CPTS11;10,2808;0,0
25/07/2022;CPTS11;10,2808;0,0
01/08/2022;CPTS11;10,2808;0,0
08/08/2022;CPTS11;10,2808;0,11
15/08/2022;CPTS11;10,2808;0,0
22/08/2022;CPTS11;10,2808;0,0
29/08/2022;CPTS11;10,2808;0,0
05/09/2022;CPTS11;10,2808;0,0
12/09/2022;CPTS11;10,2808;0,11
19/09/2022;CPTS11;10,2808;0,0
26/09/2022;CPTS11;10,2808;0,0
03/10/2022;CPTS11;10,2808;0,0
10/10/2022;CPTS11;10,2808;0,0
17/10/2022;CPTS11;10,2808;0,0
24/10/2022;CPTS11;10,2808;0,0
31/10/2022;CPTS11;10,2808;0,0
07/11/2022;CPTS11;10,2808;0,0
14/11/2022;CPTS11;10,2808;0,085
21/11/2022;CPTS11;10,2808;0,0
28/11/2022;CPTS11;10,2808;0,0
05/12/2022;CPTS11;10,2808;0,0
12/12/2022;CPTS11;10,2808;0,037
19/12/2022;CPTS11;10,2808;0,0
26/12/2022;CPTS11;10,2808;0,0
02/01/2023;CPTS11;10,2808;0,0
09/01/2023;CPTS11;10,2808;0,058
16/01/2023;CPTS11;10,2808;0,0
23/01/2023;CPTS11;10,2808;0,0
30/01/2023;CPTS11;10,2808;0,0
06/02/2023;CPTS11;10,2808;0,0
13/02/2023;CPTS11;10,2808;0,075
20/02/2023;CPTS11;10,2808;0,0
27/02/2023;CPTS11;10,2808;0,0
06/03/2023;CPTS11;10,2808;0,0
13/03/2023;CPTS11;10,2808;0,076
20/03/2023;CPTS11;10,2808;0,0
27/03/2023;CPTS11;10,2808;0,0
03/04/2023;CPTS11;10,2808;0,0
10/04/2023;CPTS11;10,2808;0,071
17/04/2023;CPTS11;10,2808;0,0
24/04/2023;CPTS11;10,2808;0,0
01/05/2023;CPTS11;10,2808;0,0
08/05/2023;CPTS11;10,2808;0,081
15/05/2023;CPTS11;10,2808;0,0
22/05/2023;CPTS11;10,2808;0,0
29/05/2023;CPTS11;10,2808;0,0
05/06/2023;CPTS11;10,2808;0,0
12/06/2023;CPTS11;10,2808;0,085
19/06/2023;CPTS11;10,2808;0,0
26/06/2023;CPTS11;10,2808;0,0
03/07/2023;CPTS11;10,2808;0,0
10/07/2023;CPTS11;10,2808;0,088
17/07/2023;CPTS11;10,2808;0,0
24/07/2023;CPTS11;10,2808;0,0
31/07/2023;CPTS11;10,2808;0,0
07/08/2023;CPTS11;10,2808;0,089
14/08/2023;CPTS11;10,2808;0,0
21/08/2023;CPTS11;10,2808;0,0
28/08/2023;CPTS11;10,2808;0,0
04/09/2023;CPTS11;10,2808;0,0
11/09/2023;CPTS11;10,2808;0,079
18/09/2023;CPTS11;10,2808;0,0
25/09/2023;CPTS11;10,2808;0,0
02/10/2023;CPTS11;10,2808;0,0
09/10/2023;CPTS11;10,2808;0,054
16/10/2023;CPTS11;10,2808;0,0
23/10/2023;CPTS11;10,2808;0,0
30/10/2023;CPTS11;10,2808;0,0
06/11/2023;CPTS11;10,2808;0,0
13/11/2023;CPTS11;10,2808;0,061
20/11/2023;CPTS11;10,2808;0,0
27/11/2023;CPTS11;10,2808;0,0
04/12/2023;CPTS11;10,2808;0,0
11/12/2023;CPTS11;10,2808;0,061
18/12/2023;CPTS11;10,2808;0,0
25/12/2023;CPTS11;10,2808;0,0
01/01/2024;CPTS11;10,2808;0,0
08/01/2024;CPTS11;10,2808;0,065
15/01/2024;CPTS11;10,2808;0,0
22/01/2024;CPTS11;10,2808;0,0
29/01/2024;CPTS11;10,2808;0,0
05/02/2024;CPTS11;10,2808;0,0
12/02/2024;CPTS11;10,2808;0,07
19/02/2024;CPTS11;10,2808;0,0
26/02/2024;CPTS11;10,2808;0,0
04/03/2024;CPTS11;10,2808;0,0
11/03/2024;CPTS11;10,2808;0,076
18/03/2024;CPTS11;10,2808;0,0
25/03/2024;CPTS11;10,2808;0,0
01/04/2024;CPTS11;10,2808;0,0
08/04/2024;CPTS11;10,2808;0,079
15/04/2024;CPTS11;10,2808;0,0
22/04/2024;CPTS11;10,2808;0,0
29/04/2024;CPTS11;10,2808;0,0
06/05/2024;CPTS11;10,2808;0,0
13/05/2024;CPTS11;10,2808;0,08
20/05/2024;CPTS11;10,2808;0,0
27/05/2024;CPTS11;10,2808;0,0
03/06/2024;CPTS11;10,2808;0,0
10/06/2024;CPTS11;10,2808;0,078
17/06/2024;CPTS11;10,2808;0,0
24/06/2024;CPTS11;10,2808;0,0
01/07/2024;CPTS11;10,2808;0,0
08/07/2024;CPTS11;10,2808;0,077
15/07/2024;CPTS11;10,2808;0,0
22/07/2024;CPTS11;10,2808;0,0
29/07/2024;CPTS11;10,2808;0,0
05/08/2024;CPTS11;10,2808;0,0
12/08/2024;CPTS11;10,2808;0,081
19/08/2024;CPTS11;10,2808;0,0
26/08/2024;CPTS11;10,2808;0,0
02/09/2024;CPTS11;8,27;0,0
09/09/2024;CPTS11;8,15;0,081
16/09/2024;CPTS11;8,05;0,0
23/09/2024;CPTS11;7,86;0,0
30/09/2024;CPTS11;7,68;0,0
07/10/2024;CPTS11;7,6;0,072
14/10/2024;CPTS11;7,77;0,0
21/10/2024;CPTS11;7,53;0,0
28/10/2024;CPTS11;7,21;0,0
04/11/2024;CPTS11;7,28;0,0
11/11/2024;CPTS11;7,14;0,062
18/11/2024;CPTS11;7,03;0,0
25/11/2024;CPTS11;6,89;0,0
02/12/2024;CPTS11;6,56;0,0
09/12/2024;CPTS11;6,46;0,075
16/12/2024;CPTS11;6,34;0,0
23/12/2024;CPTS11;6,85;0,0
30/12/2024;CPTS11;6,78;0,0
06/01/2025;CPTS11;6,63;0,0
13/01/2025;CPTS11;6,32;0,075
20/01/2025;CPTS11;6,27;0,0
27/01/2025;CPTS11;6,21;0,0
03/02/2025;CPTS11;6,38;0,0
10/02/2025;CPTS11;6,22;0,075
17/02/2025;CPTS11;6,19;0,0
24/02/2025;CPTS11;6,33;0,0
03/03/2025;CPTS11;6,65;0,0
10/03/2025;CPTS11;6,97;0,0
17/03/2025;CPTS11;7,1;0,08
24/03/2025;CPTS11;7,22;0,0
31/03/2025;CPTS11;7,18;0,0
07/04/2025;CPTS11;7,09;0,082
14/04/2025;CPTS11;7,32;0,0
21/04/2025;CPTS11;7,59;0,0
28/04/2025;CPTS11;7,56;0,0
05/05/2025;CPTS11;7,57;0,0
12/05/2025;CPTS11;7,46;0,085
19/05/2025;CPTS11;7,43;0,0
26/05/2025;CPTS11;7,39;0,0
02/06/2025;CPTS11;7,37;0,0
09/06/2025;CPTS11;7,24;0,087
16/06/2025;CPTS11;7,4;0,0
23/06/2025;CPTS11;7,34;0,0
30/06/2025;CPTS11;7,54;0,0
07/07/2025;CPTS11;7,35;0,088
14/07/2025;CPTS11;7,34;0,0
21/07/2025;CPTS11;7,29;0,0
28/07/2025;CPTS11;7,34;0,0
04/08/2025;CPTS11;7,28;0,0
11/08/2025;CPTS11;7,26;0,086
18/08/2025;CPTS11;7,33;0,0
25/08/2025;CPTS11;7,45;0,0
01/09/2025;CPTS11;7,45;0,0
08/09/2025;CPTS11;7,36;0,085
15/09/2025;CPTS11;7,5;0,0
22/09/2025;CPTS11;7,57;0,0
29/09/2025;CPTS11;7,69;0,0
06/10/2025;CPTS11;7,6;0,0
13/10/2025;CPTS11;7,5;0,09
20/10/2025;CPTS11;7,64;0,0
27/10/2025;CPTS11;7,61;0,0
03/11/2025;CPTS11;7,54;0,0
10/11/2025;CPTS11;7,43;0,09
17/11/2025;CPTS11;7,44;0,0
24/11/2025;CPTS11;7,52;0,0
01/12/2025;CPTS11;7,55;0,0
08/12/2025;CPTS11;7,51;0,09
15/12/2025;CPTS11;7,52;0,0
22/12/2025;CPTS11;7,62;0,0
29/12/2025;CPTS11;7,78;0,0
05/01/2026;CPTS11;7,86;0,0
12/01/2026;CPTS11;7,79;0,09
19/01/2026;CPTS11;7,98;0,0
26/01/2026;CPTS11;8,17;0,0
02/02/2026;CPTS11;8,16;0,0
09/02/2026;CPTS11;8,0;0,09
16/02/2026;CPTS11;8,01;0,0
23/02/2026;CPTS11;8,09;0,0
02/03/2026;CPTS11;8,17;0,0
09/03/2026;CPTS11;8,1;0,09
16/03/2026;CPTS11;7,94;0,0
23/03/2026;CPTS11;7,97;0,0
30/03/2026;CPTS11;8,02;0,0
06/04/2026;CPTS11;8,12;0,0
13/04/2026;CPTS11;8,0;0,09
20/04/2026;CPTS11;7,96;0,0
27/04/2026;CPTS11;7,93;0,0
04/05/2026;CPTS11;7,78;0,0
11/05/2026;CPTS11;7,61;0,09
18/05/2026;CPTS11;7,62;0,0
25/05/2026;CPTS11;7,64;0,0
01/06/2026;CPTS11;7,59;0,0
08/06/2026;CPTS11;7,56;0,0
15/06/2026;CPTS11;7,3;0,09
22/06/2026;CPTS11;7,43;0,0
29/06/2026;CPTS11;7,58;0,0
06/07/2026;CPTS11;7,54;0,0
13/07/2026;CPTS11;7,49;0,09
20/07/2026;CPTS11;7,53;0,0
27/07/2026;CPTS11;7,52;0,0
03/08/2026;CPTS11;7,53;0,0
10/08/2026;CPTS11;7,44;0,0
17/08/2026;CPTS11;7,34;0,09
24/08/2026;CPTS11;7,46;0,0
31/08/2026;CPTS11;7,5;0,0
07/09/2026;CPTS11;7,5;0,0
14/09/2026;CPTS11;7,48;0,09
21/09/2026;CPTS11;7,45;0,0
28/09/2026;CPTS11;7,5;0,0
27/09/2021;FIQE3;6,2236;0,0
04/10/2021;FIQE3;6,1148;0,0
11/10/2021;FIQE3;5,6702;0,0
18/10/2021;FIQE3;5,7609;0,0
25/10/2021;FIQE3;5,3073;0,0
01/11/2021;FIQE3;5,4253;0,0
08/11/2021;FIQE3;6,1601;0,0
15/11/2021;FIQE3;5,9878;0,0
22/11/2021;FIQE3;5,7609;0,0
29/11/2021;FIQE3;5,9333;0,0
06/12/2021;FIQE3;5,6611;0,075594
13/12/2021;FIQE3;5,3981;0,0
20/12/2021;FIQE3;5,3164;0,0
27/12/2021;FIQE3;5,9878;0,0
03/01/2022;FIQE3;5,1894;0,0
10/01/2022;FIQE3;5,1077;0,0
17/01/2022;FIQE3;5,8607;0,0
24/01/2022;FIQE3;5,8154;0,0
31/01/2022;FIQE3;5,516;0,0
07/02/2022;FIQE3;5,2257;0,0
14/02/2022;FIQE3;5,135;0,0
21/02/2022;FIQE3;4,7448;0,0
28/02/2022;FIQE3;4,645;0,0
07/03/2022;FIQE3;4,5362;0,0
14/03/2022;FIQE3;4,6178;0,0
21/03/2022;FIQE3;5,2075;0,076442
28/03/2022;FIQE3;5,3708;0,0
04/04/2022;FIQE3;5,2166;0,0
11/04/2022;FIQE3;5,0805;0,0
18/04/2022;FIQE3;4,8537;0,0
25/04/2022;FIQE3;4,4455;0,0
02/05/2022;FIQE3;4,0372;0,0
09/05/2022;FIQE3;4,1642;0,0
16/05/2022;FIQE3;3,8558;0,0
23/05/2022;FIQE3;3,9193;0,0
30/05/2022;FIQE3;3,8467;0,0
06/06/2022;FIQE3;3,2298;0,0
13/06/2022;FIQE3;3,0392;0,0
20/06/2022;FIQE3;2,885;0,0
27/06/2022;FIQE3;2,9485;0,0
04/07/2022;FIQE3;3,8013;0,0
11/07/2022;FIQE3;3,8104;0,0
18/07/2022;FIQE3;3,9011;0,0
25/07/2022;FIQE3;4,1733;0,0
01/08/2022;FIQE3;4,2277;0,0
08/08/2022;FIQE3;4,0826;0,0
15/08/2022;FIQE3;3,9737;0,0
22/08/2022;FIQE3;4,137;0,0
29/08/2022;FIQE3;4,1188;0,0
05/09/2022;FIQE3;4,137;0,0
12/09/2022;FIQE3;4,2459;0,0
19/09/2022;FIQE3;4,1007;0,0
26/09/2022;FIQE3;3,9465;0,0
03/10/2022;FIQE3;3,8376;0,0
10/10/2022;FIQE3;3,7832;0,0
17/10/2022;FIQE3;3,6289;0,0
24/10/2022;FIQE3;3,5745;0,0
31/10/2022;FIQE3;3,6743;0,0
07/11/2022;FIQE3;3,5291;0,0
14/11/2022;FIQE3;3,2116;0,0
21/11/2022;FIQE3;3,1753;0,0
28/11/2022;FIQE3;3,5654;0,0
05/12/2022;FIQE3;3,3477;0,0
12/12/2022;FIQE3;3,266;0,0
19/12/2022;FIQE3;3,4203;0,0
26/12/2022;FIQE3;3,5382;0,0
02/01/2023;FIQE3;3,3568;0,0
09/01/2023;FIQE3;3,5473;0,0
16/01/2023;FIQE3;3,5382;0,0
23/01/2023;FIQE3;3,4293;0,0
30/01/2023;FIQE3;3,3749;0,0
06/02/2023;FIQE3;2,8124;0,0
13/02/2023;FIQE3;2,8759;0,0
20/02/2023;FIQE3;2,9213;0,0
27/02/2023;FIQE3;3,0211;0,0
06/03/2023;FIQE3;2,9939;0,0
13/03/2023;FIQE3;2,9576;0,076213
20/03/2023;FIQE3;3,1118;0,0
27/03/2023;FIQE3;3,0392;0,0
03/04/2023;FIQE3;2,9757;0,0
10/04/2023;FIQE3;3,2116;0,0
17/04/2023;FIQE3;3,2207;0,0
24/04/2023;FIQE3;3,1027;0,0
01/05/2023;FIQE3;3,1027;0,0
08/05/2023;FIQE3;3,1027;0,0
15/05/2023;FIQE3;3,0846;0,0
22/05/2023;FIQE3;3,3931;0,0
29/05/2023;FIQE3;3,5019;0,0
05/06/2023;FIQE3;3,8558;0,0
12/06/2023;FIQE3;3,7741;0,0
19/06/2023;FIQE3;3,6562;0,0
26/06/2023;FIQE3;3,7287;0,0
03/07/2023;FIQE3;3,7741;0,0
10/07/2023;FIQE3;3,6471;0,0
17/07/2023;FIQE3;3,6471;0,038546
24/07/2023;FIQE3;3,7197;0,0
31/07/2023;FIQE3;4,0644;0,0
07/08/2023;FIQE3;3,6924;0,0
14/08/2023;FIQE3;3,5382;0,0
21/08/2023;FIQE3;3,4656;0,0
28/08/2023;FIQE3;3,511;0,0
04/09/2023;FIQE3;3,4293;0,0
11/09/2023;FIQE3;3,4656;0,0
18/09/2023;FIQE3;3,4384;0,0
25/09/2023;FIQE3;3,4566;0,0
02/10/2023;FIQE3;3,3749;0,0
09/10/2023;FIQE3;3,2842;0,025697
16/10/2023;FIQE3;3,13;0,0
23/10/2023;FIQE3;3,1118;0,0
30/10/2023;FIQE3;3,2025;0,0
06/11/2023;FIQE3;3,3114;0,0
13/11/2023;FIQE3;3,4747;0,0
20/11/2023;FIQE3;3,4475;0,0
27/11/2023;FIQE3;3,5201;0,0
04/12/2023;FIQE3;3,4203;0,0
11/12/2023;FIQE3;3,4475;0,0
18/12/2023;FIQE3;3,5382;0,0
25/12/2023;FIQE3;3,6199;0,0
01/01/2024;FIQE3;3,5382;0,0
08/01/2024;FIQE3;3,5745;0,0
15/01/2024;FIQE3;3,4203;0,0
22/01/2024;FIQE3;3,4475;0,0
29/01/2024;FIQE3;3,3931;0,0
05/02/2024;FIQE3;3,3658;0,051394
12/02/2024;FIQE3;3,5564;0,0
19/02/2024;FIQE3;3,6743;0,0
26/02/2024;FIQE3;3,7106;0,0
04/03/2024;FIQE3;3,892;0,0
11/03/2024;FIQE3;3,765;0,0
18/03/2024;FIQE3;3,765;0,0
25/03/2024;FIQE3;3,7378;0,0
01/04/2024;FIQE3;3,6471;0,0
08/04/2024;FIQE3;3,5201;0,0
15/04/2024;FIQE3;3,4293;0,0
22/04/2024;FIQE3;3,4747;0,0
29/04/2024;FIQE3;3,4384;0,0
06/05/2024;FIQE3;3,3023;0,0
13/05/2024;FIQE3;3,3114;0,0
20/05/2024;FIQE3;3,266;0,0
27/05/2024;FIQE3;3,257;0,0
03/06/2024;FIQE3;3,2842;0,0
10/06/2024;FIQE3;3,3568;0,0
17/06/2024;FIQE3;3,0211;0,141334
24/06/2024;FIQE3;3,13;0,0
01/07/2024;FIQE3;3,0846;0,0
08/07/2024;FIQE3;3,0755;0,0
15/07/2024;FIQE3;3,0665;0,0
22/07/2024;FIQE3;3,0937;0,0
29/07/2024;FIQE3;3,0665;0,0
05/08/2024;FIQE3;3,4475;0,0
12/08/2024;FIQE3;3,5836;0,0
19/08/2024;FIQE3;3,6289;0,0
26/08/2024;FIQE3;3,4475;0,0
02/09/2024;FIQE3;3,4384;0,0
09/09/2024;FIQE3;3,6289;0,0
16/09/2024;FIQE3;3,3931;0,0
23/09/2024;FIQE3;3,4384;0,0
30/09/2024;FIQE3;3,4475;0,0
07/10/2024;FIQE3;3,511;0,0
14/10/2024;FIQE3;3,4929;0,0
21/10/2024;FIQE3;3,4656;0,0
28/10/2024;FIQE3;3,4021;0,0
04/11/2024;FIQE3;3,4384;0,0
11/11/2024;FIQE3;3,4475;0,0
18/11/2024;FIQE3;3,5019;0,0
25/11/2024;FIQE3;3,3749;0,0
02/12/2024;FIQE3;3,1753;0,0
09/12/2024;FIQE3;3,2388;0,0
16/12/2024;FIQE3;3,1572;0,0
23/12/2024;FIQE3;3,0665;0,0
30/12/2024;FIQE3;3,0483;0,0
06/01/2025;FIQE3;3,0665;0,0
13/01/2025;FIQE3;3,0846;0,0
20/01/2025;FIQE3;3,0665;0,0
27/01/2025;FIQE3;3,13;0,0
03/02/2025;FIQE3;3,0574;0,08994
10/02/2025;FIQE3;3,1663;0,0
17/02/2025;FIQE3;3,13;0,0
24/02/2025;FIQE3;3,0665;0,0
03/03/2025;FIQE3;3,1118;0,0
10/03/2025;FIQE3;3,1572;0,0
17/03/2025;FIQE3;3,2751;0,0
24/03/2025;FIQE3;3,4293;0,0
31/03/2025;FIQE3;3,3477;0,0
07/04/2025;FIQE3;3,2751;0,0
14/04/2025;FIQE3;3,2842;0,0
21/04/2025;FIQE3;3,4929;0,0
28/04/2025;FIQE3;3,5836;0,0
05/05/2025;FIQE3;3,6199;0,0
12/05/2025;FIQE3;3,6108;0,0
19/05/2025;FIQE3;3,5654;0,0
26/05/2025;FIQE3;3,5382;0,0
02/06/2025;FIQE3;3,4929;0,0
09/06/2025;FIQE3;3,4929;0,0
16/06/2025;FIQE3;3,4656;0,0
23/06/2025;FIQE3;3,4384;0,0
30/06/2025;FIQE3;3,5564;0,0
07/07/2025;FIQE3;3,384;0,0
14/07/2025;FIQE3;3,3205;0,0
21/07/2025;FIQE3;3,266;0,0
28/07/2025;FIQE3;3,4021;0,0
04/08/2025;FIQE3;3,5564;0,0
11/08/2025;FIQE3;3,6199;0,154159
18/08/2025;FIQE3;3,7378;0,0
25/08/2025;FIQE3;4,1098;0,0
01/09/2025;FIQE3;4,1098;0,0
08/09/2025;FIQE3;4,1098;0,0
15/09/2025;FIQE3;4,2096;0,0
22/09/2025;FIQE3;4,1188;0,0
29/09/2025;FIQE3;4,0463;0,0
06/10/2025;FIQE3;3,9011;0,0
13/10/2025;FIQE3;3,9555;0,0
20/10/2025;FIQE3;4,1824;0,0
27/10/2025;FIQE3;4,3729;0,0
03/11/2025;FIQE3;4,89;0,0
10/11/2025;FIQE3;4,8809;0,0
17/11/2025;FIQE3;4,7993;0,0
24/11/2025;FIQE3;5,1077;0,0
01/12/2025;FIQE3;4,7539;0,0
08/12/2025;FIQE3;5,0714;0,03854
15/12/2025;FIQE3;5,1712;0,0
22/12/2025;FIQE3;5,2075;0,0
29/12/2025;FIQE3;4,89;0,566404
05/01/2026;FIQE3;4,93;0,0
12/01/2026;FIQE3;4,89;0,0
19/01/2026;FIQE3;5,08;0,0
26/01/2026;FIQE3;5,33;0,0
02/02/2026;FIQE3;5,14;0,0
09/02/2026;FIQE3;5,18;0,0
16/02/2026;FIQE3;5,32;0,0
23/02/2026;FIQE3;5,28;0,0
02/03/2026;FIQE3;5,25;0,0
09/03/2026;FIQE3;5,36;0,0
16/03/2026;FIQE3;5,66;0,0
23/03/2026;FIQE3;6,67;0,0
30/03/2026;FIQE3;6,86;0,0
06/04/2026;FIQE3;7,45;0,0
13/04/2026;FIQE3;7,12;0,0
20/04/2026;FIQE3;6,9;0,0
27/04/2026;FIQE3;6,85;0,0
04/05/2026;FIQE3;6,89;0,0
11/05/2026;FIQE3;6,43;0,0
18/05/2026;FIQE3;6,4;0,0
25/05/2026;FIQE3;6,66;0,0
01/06/2026;FIQE3;6,24;0,0
08/06/2026;FIQE3;6,1;0,0
15/06/2026;FIQE3;5,7;0,0
22/06/2026;FIQE3;5,87;0,0
29/06/2026;FIQE3;5,75;0,0
06/07/2026;FIQE3;5,9;0,0
13/07/2026;FIQE3;5,59;0,0
20/07/2026;FIQE3;5,55;0,0
27/07/2026;FIQE3;5,4;0,077033
03/08/2026;FIQE3;5,26;0,0
10/08/2026;FIQE3;4,73;0,0
17/08/2026;FIQE3;4,55;0,0
24/08/2026;FIQE3;4,74;0,0
31/08/2026;FIQE3;4,92;0,0
07/09/2026;FIQE3;5,03;0,0
14/09/2026;FIQE3;5,23;0,0
21/09/2026;FIQE3;5,07;0,0
28/09/2026;FIQE3;4,99;0,0
27/09/2021;ITSA4;8,717;0,0
04/10/2021;ITSA4;8,6406;0,0
11/10/2021;ITSA4;8,5872;0,0
18/10/2021;ITSA4;8,0376;0,0
25/10/2021;ITSA4;7,8239;0,0
01/11/2021;ITSA4;7,7628;0,0
08/11/2021;ITSA4;7,8086;0,0
15/11/2021;ITSA4;7,5949;0,0
22/11/2021;ITSA4;7,5033;0,118099
29/11/2021;ITSA4;7,5186;0,01796
06/12/2021;ITSA4;7,4041;0,0
13/12/2021;ITSA4;7,282;0,01796
20/12/2021;ITSA4;7,2052;0,0
27/12/2021;ITSA4;7,1572;0,0
03/01/2022;ITSA4;7,3575;0,0
10/01/2022;ITSA4;7,7502;0,0
17/01/2022;ITSA4;7,6541;0,106868
24/01/2022;ITSA4;8,0708;0,0
31/01/2022;ITSA4;8,2311;0,0
07/02/2022;ITSA4;8,4315;0,0
14/02/2022;ITSA4;8,4315;0,0
21/02/2022;ITSA4;8,0308;0,0
28/02/2022;ITSA4;7,9105;0,0
07/03/2022;ITSA4;7,8705;0,0
14/03/2022;ITSA4;8,3433;0,0
21/03/2022;ITSA4;8,6559;0,090863
28/03/2022;ITSA4;8,6479;0,0
04/04/2022;ITSA4;8,2311;0,0
11/04/2022;ITSA4;8,0949;0,0
18/04/2022;ITSA4;7,9426;0,0
25/04/2022;ITSA4;7,3816;0,0
02/05/2022;ITSA4;7,1331;0,0
09/05/2022;ITSA4;7,3255;0,0
16/05/2022;ITSA4;7,5098;0,0
23/05/2022;ITSA4;7,5819;0,0
30/05/2022;ITSA4;7,5258;0,018858
06/06/2022;ITSA4;7,1251;0,0
13/06/2022;ITSA4;6,9167;0,0
20/06/2022;ITSA4;6,9167;0,0
27/06/2022;ITSA4;6,6683;0,0
04/07/2022;ITSA4;6,7244;0,0
11/07/2022;ITSA4;6,6923;0,0
18/07/2022;ITSA4;6,7885;0,0
25/07/2022;ITSA4;6,9167;0,0
01/08/2022;ITSA4;7,2213;0,0
08/08/2022;ITSA4;7,5659;0,0
15/08/2022;ITSA4;7,5339;0,047848
22/08/2022;ITSA4;7,4938;0,0
29/08/2022;ITSA4;7,4537;0,018858
05/09/2022;ITSA4;7,4777;0,0
12/09/2022;ITSA4;7,4377;0,0
19/09/2022;ITSA4;7,8224;0,0
26/09/2022;ITSA4;7,7983;0,0
03/10/2022;ITSA4;8,1991;0,0
10/10/2022;ITSA4;7,9987;0,0
17/10/2022;ITSA4;8,72;0,0
24/10/2022;ITSA4;8,3353;0,0
31/10/2022;ITSA4;8,6319;0,0
07/11/2022;ITSA4;7,7935;0,0
14/11/2022;ITSA4;7,8552;0,0
21/11/2022;ITSA4;7,7847;0,045439
28/11/2022;ITSA4;7,7318;0,020744
05/12/2022;ITSA4;7,2028;0,163541
12/12/2022;ITSA4;7,097;0,0
19/12/2022;ITSA4;7,5643;0,0
26/12/2022;ITSA4;7,5026;0,0
02/01/2023;ITSA4;7,4761;0,0
09/01/2023;ITSA4;7,6084;0,0
16/01/2023;ITSA4;7,5643;0,0
23/01/2023;ITSA4;7,4232;0,0
30/01/2023;ITSA4;7,2646;0,0
06/02/2023;ITSA4;7,5202;0,0
13/02/2023;ITSA4;7,7054;0,0
20/02/2023;ITSA4;7,3351;0,0
27/02/2023;ITSA4;7,0441;0,020744
06/03/2023;ITSA4;7,1147;0,0
13/03/2023;ITSA4;6,9295;0,0
20/03/2023;ITSA4;6,9207;0,068149
27/03/2023;ITSA4;7,2469;0,0
03/04/2023;ITSA4;7,1588;0,0
10/04/2023;ITSA4;7,6437;0,0
17/04/2023;ITSA4;7,5202;0,0
24/04/2023;ITSA4;7,6525;0,0
01/05/2023;ITSA4;7,7054;0,0
08/05/2023;ITSA4;7,8993;0,0
15/05/2023;ITSA4;7,8729;0,0
22/05/2023;ITSA4;7,917;0,0
29/05/2023;ITSA4;8,0227;0,020744
05/06/2023;ITSA4;8,1374;0,0
12/06/2023;ITSA4;8,5076;0,0
19/06/2023;ITSA4;8,5165;0,100857
26/06/2023;ITSA4;8,4988;0,0
03/07/2023;ITSA4;8,587;0,0
10/07/2023;ITSA4;8,49;0,0
17/07/2023;ITSA4;8,7192;0,0
24/07/2023;ITSA4;8,6487;0,045403
31/07/2023;ITSA4;8,6046;0,0
07/08/2023;ITSA4;8,4636;0,0
14/08/2023;ITSA4;8,2957;0,020832
21/08/2023;ITSA4;8,2692;0,0
28/08/2023;ITSA4;8,2692;0,0
04/09/2023;ITSA4;7,977;0,0
11/09/2023;ITSA4;8,2603;0,0
18/09/2023;ITSA4;7,977;0,103143
25/09/2023;ITSA4;8,0124;0,0
02/10/2023;ITSA4;7,9593;0,0
09/10/2023;ITSA4;7,915;0,0
16/10/2023;ITSA4;7,738;0,045596
23/10/2023;ITSA4;7,7291;0,0
30/10/2023;ITSA4;8,0213;0,0
06/11/2023;ITSA4;8,3577;0,0
13/11/2023;ITSA4;8,7118;0,0
20/11/2023;ITSA4;8,765;0,0
27/11/2023;ITSA4;9,0638;0,021873
04/12/2023;ITSA4;9,166;0,0
11/12/2023;ITSA4;9,4263;0,0
18/12/2023;ITSA4;9,5286;0,073812
25/12/2023;ITSA4;9,6401;0,0
01/01/2024;ITSA4;9,51;0,0
08/01/2024;ITSA4;9,4356;0,0
15/01/2024;ITSA4;9,3334;0,0
22/01/2024;ITSA4;9,3055;0,0
29/01/2024;ITSA4;9,2776;0,0
05/02/2024;ITSA4;9,6401;0,0
12/02/2024;ITSA4;9,7238;0,0
19/02/2024;ITSA4;9,5936;0,27935
26/02/2024;ITSA4;9,5751;0,021873
04/03/2024;ITSA4;9,6959;0,0
11/03/2024;ITSA4;9,9097;0,0
18/03/2024;ITSA4;9,6215;0,065073
25/03/2024;ITSA4;9,761;0,0
01/04/2024;ITSA4;9,2869;0,0
08/04/2024;ITSA4;9,2032;0,0
15/04/2024;ITSA4;8,8593;0,0
22/04/2024;ITSA4;9,008;0,0
29/04/2024;ITSA4;9,1288;0,0
06/05/2024;ITSA4;9,3334;0,0
13/05/2024;ITSA4;9,5379;0,0
20/05/2024;ITSA4;9,259;0,0
27/05/2024;ITSA4;9,0452;0,0
03/06/2024;ITSA4;9,0173;0,021873
10/06/2024;ITSA4;8,8964;0,0
17/06/2024;ITSA4;8,9987;0,087942
24/06/2024;ITSA4;9,1288;0,0
01/07/2024;ITSA4;9,2497;0,0
08/07/2024;ITSA4;9,4914;0,0
15/07/2024;ITSA4;9,6308;0,0
22/07/2024;ITSA4;9,5658;0,0
29/07/2024;ITSA4;9,1474;0,0
05/08/2024;ITSA4;9,6215;0,0
12/08/2024;ITSA4;10,17;0,0
19/08/2024;ITSA4;10,1886;0,0
26/08/2024;ITSA4;10,1886;0,0
02/09/2024;ITSA4;10,3373;0,021873
09/09/2024;ITSA4;10,4117;0,0
16/09/2024;ITSA4;10,1979;0,044993
23/09/2024;ITSA4;10,3652;0,0
30/09/2024;ITSA4;9,8725;0,0
07/10/2024;ITSA4;9,7331;0,0
14/10/2024;ITSA4;9,8632;0,0
21/10/2024;ITSA4;9,9004;0,0
28/10/2024;ITSA4;9,7703;0,0
04/11/2024;ITSA4;9,9376;0,0
11/11/2024;ITSA4;9,6866;0,0
18/11/2024;ITSA4;9,5472;0,0
25/11/2024;ITSA4;9,0638;0,0
02/12/2024;ITSA4;9,0484;0,021873
09/12/2024;ITSA4;8,9508;0,056711
16/12/2024;ITSA4;8,7068;0,0
23/12/2024;ITSA4;8,6189;0,0
30/12/2024;ITSA4;8,3261;0,0
06/01/2025;ITSA4;8,453;0,0
13/01/2025;ITSA4;8,8337;0,0
20/01/2025;ITSA4;8,9313;0,0
27/01/2025;ITSA4;9,3022;0,0
03/02/2025;ITSA4;9,2925;0,0
10/02/2025;ITSA4;9,5755;0,0
17/02/2025;ITSA4;8,902;0,589696
24/02/2025;ITSA4;8,6176;0,0
03/03/2025;ITSA4;8,7843;0,046136
10/03/2025;ITSA4;9,0784;0,0
17/03/2025;ITSA4;9,3725;0,0
24/03/2025;ITSA4;9,4314;0,0
31/03/2025;ITSA4;9,1569;0,0
07/04/2025;ITSA4;9,4608;0,0
14/04/2025;ITSA4;9,7549;0,0
21/04/2025;ITSA4;10,3627;0,0
28/04/2025;ITSA4;10,3235;0,0
05/05/2025;ITSA4;10,8333;0,0
12/05/2025;ITSA4;11,0;0,0
19/05/2025;ITSA4;10,9216;0,0
26/05/2025;ITSA4;10,8529;0,0
02/06/2025;ITSA4;10,598;0,023068
09/06/2025;ITSA4;10,5;0,0
16/06/2025;ITSA4;10,598;0,0
23/06/2025;ITSA4;10,5;0,057941
30/06/2025;ITSA4;10,902;0,0
07/07/2025;ITSA4;10,2745;0,0
14/07/2025;ITSA4;10,2451;0,0
21/07/2025;ITSA4;10,2353;0,0
28/07/2025;ITSA4;10,1373;0,0
04/08/2025;ITSA4;10,6961;0,0
11/08/2025;ITSA4;10,8137;0,0
18/08/2025;ITSA4;10,7549;0,182255
25/08/2025;ITSA4;11,0;0,0
01/09/2025;ITSA4;10,9314;0,023068
08/09/2025;ITSA4;10,7843;0,0
15/09/2025;ITSA4;11,1961;0,0
22/09/2025;ITSA4;11,1569;0,0
29/09/2025;ITSA4;11,0;0,0
06/10/2025;ITSA4;10,7353;0,0
13/10/2025;ITSA4;10,7843;0,0
20/10/2025;ITSA4;11,0588;0,0
27/10/2025;ITSA4;11,4216;0,0
03/11/2025;ITSA4;11,5784;0,0
10/11/2025;ITSA4;11,7255;0,0
17/11/2025;ITSA4;11,549;0,0
24/11/2025;ITSA4;12,0882;0,0
01/12/2025;ITSA4;12,1176;0,023068
08/12/2025;ITSA4;11,5588;0,778004
15/12/2025;ITSA4;11,47;0,0
22/12/2025;ITSA4;11,6;0,0
29/12/2025;ITSA4;11,63;0,0
05/01/2026;ITSA4;12,11;0,0
12/01/2026;ITSA4;12,03;0,0
19/01/2026;ITSA4;13,36;0,0
26/01/2026;ITSA4;13,66;0,0
02/02/2026;ITSA4;14,18;0,0
09/02/2026;ITSA4;14,6;0,0
16/02/2026;ITSA4;15,07;0,0
23/02/2026;ITSA4;14,27;0,0
02/03/2026;ITSA4;13,32;0,024243
09/03/2026;ITSA4;13,16;0,0
16/03/2026;ITSA4;13,1;0,116
23/03/2026;ITSA4;13,26;0,0
30/03/2026;ITSA4;13,92;0,0
06/04/2026;ITSA4;14,81;0,0
13/04/2026;ITSA4;14,81;0,0
20/04/2026;ITSA4;14,22;0,0
27/04/2026;ITSA4;13,92;0,0
04/05/2026;ITSA4;13,5;0,0
11/05/2026;ITSA4;12,96;0,0
18/05/2026;ITSA4;12,87;0,0
25/05/2026;ITSA4;12,92;0,0
01/06/2026;ITSA4;12,54;0,024243
08/06/2026;ITSA4;12,9;0,0
15/06/2026;ITSA4;12,79;0,138
22/06/2026;ITSA4;13,46;0,0
29/06/2026;ITSA4;13,6;0,0
06/07/2026;ITSA4;14,17;0,0
13/07/2026;ITSA4;13,61;0,0
20/07/2026;ITSA4;13,45;0,0
27/07/2026;ITSA4;13,82;0,0
03/08/2026;ITSA4;13,21;0,0
10/08/2026;ITSA4;12,49;0,0
17/08/2026;ITSA4;12,5;0,0
24/08/2026;ITSA4;12,95;0,0
31/08/2026;ITSA4;13,95;0,024243
07/09/2026;ITSA4;14,19;0,0
14/09/2026;ITSA4;14,03;0,0
21/09/2026;ITSA4;13,99;0,0
28/09/2026;ITSA4;14,16;0,0
27/09/2021;KLBN11;21,3861;0,0
04/10/2021;KLBN11;20,162;0,0
11/10/2021;KLBN11;20,8641;0,0
18/10/2021;KLBN11;21,7822;0,0
25/10/2021;KLBN11;20,6481;0,0
01/11/2021;KLBN11;20,261;0,329408
08/11/2021;KLBN11;20,9451;0,0
15/11/2021;KLBN11;21,1701;0,0
22/11/2021;KLBN11;20,9271;0,0
29/11/2021;KLBN11;21,7372;0,0
06/12/2021;KLBN11;23,0603;0,0
13/12/2021;KLBN11;23,6364;0,0
20/12/2021;KLBN11;23,4113;0,0
27/12/2021;KLBN11;23,1503;0,0
03/01/2022;KLBN11;22,7093;0,0
10/01/2022;KLBN11;22,7633;0,0
17/01/2022;KLBN11;22,3582;0,0
24/01/2022;KLBN11;22,5833;0,0
31/01/2022;KLBN11;22,8353;0,0
07/02/2022;KLBN11;21,5122;0,0
14/02/2022;KLBN11;21,0081;0,308923
21/02/2022;KLBN11;20,5851;0,0
28/02/2022;KLBN11;21,7102;0,0
07/03/2022;KLBN11;22,9253;0,0
14/03/2022;KLBN11;23,6814;0,0
21/03/2022;KLBN11;22,4752;0,0
28/03/2022;KLBN11;21,3591;0,0
04/04/2022;KLBN11;20,9451;0,0
11/04/2022;KLBN11;20,5131;0,0
18/04/2022;KLBN11;19,928;0,0
25/04/2022;KLBN11;18,6679;0,0
02/05/2022;KLBN11;20,135;0,0
09/05/2022;KLBN11;19,946;0,283003
16/05/2022;KLBN11;19,64;0,0
23/05/2022;KLBN11;19,982;0,0
30/05/2022;KLBN11;19,982;0,0
06/06/2022;KLBN11;19,2259;0,0
13/06/2022;KLBN11;18,3258;0,0
20/06/2022;KLBN11;17,8218;0,0
27/06/2022;KLBN11;18,1728;0,0
04/07/2022;KLBN11;17,7408;0,0
11/07/2022;KLBN11;16,6517;0,0
18/07/2022;KLBN11;17,0117;0,0
25/07/2022;KLBN11;17,9388;0,0
01/08/2022;KLBN11;17,6418;0,32636
08/08/2022;KLBN11;18,2628;0,0
15/08/2022;KLBN11;18,6229;0,0
22/08/2022;KLBN11;17,7048;0,0
29/08/2022;KLBN11;16,7057;0,0
05/09/2022;KLBN11;16,8047;0,0
12/09/2022;KLBN11;16,5437;0,0
19/09/2022;KLBN11;16,2106;0,0
26/09/2022;KLBN11;16,3366;0,0
03/10/2022;KLBN11;16,9397;0,0
10/10/2022;KLBN11;17,6778;0,0
17/10/2022;KLBN11;18,5779;0,0
24/10/2022;KLBN11;19,703;0,0
31/10/2022;KLBN11;19,874;0,410614
07/11/2022;KLBN11;21,3951;0,0
14/11/2022;KLBN11;19,937;0,0
21/11/2022;KLBN11;18,6679;0,0
28/11/2022;KLBN11;17,9118;0,0
05/12/2022;KLBN11;19,0009;0,0
12/12/2022;KLBN11;18,1638;0,0
19/12/2022;KLBN11;17,3357;0,029447
26/12/2022;KLBN11;17,9658;0,0
02/01/2023;KLBN11;18,2898;0,0
09/01/2023;KLBN11;17,8758;0,0
16/01/2023;KLBN11;17,6598;0,0
23/01/2023;KLBN11;17,2907;0,0
30/01/2023;KLBN11;17,3897;0,0
06/02/2023;KLBN11;17,6058;0,0
13/02/2023;KLBN11;17,3987;0,282197
20/02/2023;KLBN11;17,1287;0,0
27/02/2023;KLBN11;17,7588;0,0
06/03/2023;KLBN11;17,3897;0,0
13/03/2023;KLBN11;16,3636;0,0
20/03/2023;KLBN11;16,4806;0,0
27/03/2023;KLBN11;16,2826;0,0
03/04/2023;KLBN11;16,1026;0,0
10/04/2023;KLBN11;16,6517;0,0
17/04/2023;KLBN11;16,7237;0,0
24/04/2023;KLBN11;17,2187;0,0
01/05/2023;KLBN11;17,9208;0,0
08/05/2023;KLBN11;18,0468;0,317459
15/05/2023;KLBN11;19,784;0,0
22/05/2023;KLBN11;19,3969;0,0
29/05/2023;KLBN11;19,1089;0,0
05/06/2023;KLBN11;19,1449;0,0
12/06/2023;KLBN11;20,5941;0,0
19/06/2023;KLBN11;20,432;0,0
26/06/2023;KLBN11;19,595;0,0
03/07/2023;KLBN11;19,685;0,0
10/07/2023;KLBN11;19,2529;0,0
17/07/2023;KLBN11;18,9469;0,0
24/07/2023;KLBN11;20,441;0,0
31/07/2023;KLBN11;21,1611;0,0
07/08/2023;KLBN11;20,396;0,219424
14/08/2023;KLBN11;20,234;0,0
21/08/2023;KLBN11;20,405;0,0
28/08/2023;KLBN11;20,7741;0,0
04/09/2023;KLBN11;19,901;0,0
11/09/2023;KLBN11;20,8011;0,0
18/09/2023;KLBN11;21,6292;0,0
25/09/2023;KLBN11;21,4311;0,0
02/10/2023;KLBN11;21,1521;0,0
09/10/2023;KLBN11;21,2241;0,0
16/10/2023;KLBN11;20,324;0,0
23/10/2023;KLBN11;19,802;0,0
30/10/2023;KLBN11;19,658;0,260237
06/11/2023;KLBN11;20,378;0,0
13/11/2023;KLBN11;20,8281;0,0
20/11/2023;KLBN11;20,6571;0,0
27/11/2023;KLBN11;19,0459;0,0
04/12/2023;KLBN11;18,6679;0,0
11/12/2023;KLBN11;19,4059;0,0
18/12/2023;KLBN11;19,712;0,139501
25/12/2023;KLBN11;20,0;0,0
01/01/2024;KLBN11;19,919;0,0
08/01/2024;KLBN11;20,225;0,0
15/01/2024;KLBN11;19,577;0,0
22/01/2024;KLBN11;19,739;0,0
29/01/2024;KLBN11;18,9109;0,0
05/02/2024;KLBN11;19,2349;0,0
12/02/2024;KLBN11;19,4869;0,156634
19/02/2024;KLBN11;19,514;0,0
26/02/2024;KLBN11;20,252;0,0
04/03/2024;KLBN11;19,838;0,0
11/03/2024;KLBN11;20,9631;0,0
18/03/2024;KLBN11;22,0162;0,0
25/03/2024;KLBN11;22,7363;0,0
01/04/2024;KLBN11;22,2142;0,0
08/04/2024;KLBN11;22,4392;0,0
15/04/2024;KLBN11;22,1602;0,0
22/04/2024;KLBN11;20,7831;0,0
29/04/2024;KLBN11;20,9991;0,0
06/05/2024;KLBN11;21,3168;0,268711
13/05/2024;KLBN11;21,1188;0,0
20/05/2024;KLBN11;20,8218;0,0
27/05/2024;KLBN11;20,1188;0,0
03/06/2024;KLBN11;19,802;0,0
10/06/2024;KLBN11;20,1584;0,0
17/06/2024;KLBN11;20,3861;0,0
24/06/2024;KLBN11;21,2277;0,0
01/07/2024;KLBN11;20,6931;0,0
08/07/2024;KLBN11;20,7426;0,0
15/07/2024;KLBN11;21,297;0,0
22/07/2024;KLBN11;20,9901;0,0
29/07/2024;KLBN11;21,495;0,0
05/08/2024;KLBN11;20,6733;0,333857
12/08/2024;KLBN11;20,7921;0,0
19/08/2024;KLBN11;21,9208;0,0
26/08/2024;KLBN11;21,3762;0,0
02/09/2024;KLBN11;21,5049;0,0
09/09/2024;KLBN11;21,5941;0,0
16/09/2024;KLBN11;20,8119;0,0
23/09/2024;KLBN11;20,8614;0,0
30/09/2024;KLBN11;21,1089;0,0
07/10/2024;KLBN11;19,9505;0,0
14/10/2024;KLBN11;20,5049;0,0
21/10/2024;KLBN11;20,6337;0,0
28/10/2024;KLBN11;20,8119;0,0
04/11/2024;KLBN11;20,495;0,0
11/11/2024;KLBN11;20,3069;0,346083
18/11/2024;KLBN11;21,2772;0,0
25/11/2024;KLBN11;21,9901;0,0
02/12/2024;KLBN11;22,8614;0,0
09/12/2024;KLBN11;22,8515;0,0
16/12/2024;KLBN11;23,1386;0,210095
23/12/2024;KLBN11;22,9802;0,0
30/12/2024;KLBN11;22,4455;0,0
06/01/2025;KLBN11;21,8812;0,0
13/01/2025;KLBN11;21,3762;0,0
20/01/2025;KLBN11;21,8416;0,0
27/01/2025;KLBN11;22,2178;0,0
03/02/2025;KLBN11;21,0495;0,0
10/02/2025;KLBN11;21,2673;0,0
17/02/2025;KLBN11;20,7228;0,0
24/02/2025;KLBN11;19,5743;0,0
03/03/2025;KLBN11;19,7129;0,043973
10/03/2025;KLBN11;19,396;0,0
17/03/2025;KLBN11;19,3762;0,0
24/03/2025;KLBN11;18,8218;0,0
31/03/2025;KLBN11;18,3663;0,0
07/04/2025;KLBN11;17,9109;0,0
14/04/2025;KLBN11;17,7228;0,0
21/04/2025;KLBN11;18,5049;0,0
28/04/2025;KLBN11;18,5743;0,0
05/05/2025;KLBN11;19,1089;0,0
12/05/2025;KLBN11;19,396;0,226535
19/05/2025;KLBN11;19,0396;0,0
26/05/2025;KLBN11;18,1287;0,0
02/06/2025;KLBN11;18,2475;0,0
09/06/2025;KLBN11;18,2079;0,0
16/06/2025;KLBN11;17,4257;0,0
23/06/2025;KLBN11;17,7129;0,0
30/06/2025;KLBN11;19,2574;0,0
07/07/2025;KLBN11;18,3762;0,0
14/07/2025;KLBN11;18,5842;0,0
21/07/2025;KLBN11;18,7921;0,0
28/07/2025;KLBN11;18,2277;0,0
04/08/2025;KLBN11;18,7525;0,0
11/08/2025;KLBN11;17,8416;0,24846
18/08/2025;KLBN11;18,198;0,0
25/08/2025;KLBN11;18,3267;0,0
01/09/2025;KLBN11;18,3366;0,0
08/09/2025;KLBN11;18,3663;0,0
15/09/2025;KLBN11;18,1386;0,0
22/09/2025;KLBN11;18,0198;0,0
29/09/2025;KLBN11;18,0693;0,0
06/10/2025;KLBN11;17,198;0,0
13/10/2025;KLBN11;17,1287;0,0
20/10/2025;KLBN11;17,7822;0,0
27/10/2025;KLBN11;17,8614;0,0
03/11/2025;KLBN11;18,0891;0,0
10/11/2025;KLBN11;17,7426;0,258207
17/11/2025;KLBN11;17,396;0,0
24/11/2025;KLBN11;17,5644;0,0
01/12/2025;KLBN11;18,4653;0,0
08/12/2025;KLBN11;18,5644;0,0
15/12/2025;KLBN11;18,29;0,902914
22/12/2025;KLBN11;18,6;0,0
29/12/2025;KLBN11;19,09;0,0
05/01/2026;KLBN11;18,72;0,0
12/01/2026;KLBN11;18,61;0,0
19/01/2026;KLBN11;19,42;0,0
26/01/2026;KLBN11;19,16;0,0
02/02/2026;KLBN11;19,3;0,0
09/02/2026;KLBN11;20,39;0,0
16/02/2026;KLBN11;20,1;0,0
23/02/2026;KLBN11;20,56;0,0
02/03/2026;KLBN11;19,53;0,0
09/03/2026;KLBN11;19,11;0,0
16/03/2026;KLBN11;18,4;0,0
23/03/2026;KLBN11;19,21;0,0
30/03/2026;KLBN11;19,32;0,0
06/04/2026;KLBN11;19,06;0,0
13/04/2026;KLBN11;18,78;0,0
20/04/2026;KLBN11;17,94;0,0
27/04/2026;KLBN11;17,48;0,0
04/05/2026;KLBN11;17,19;0,0
11/05/2026;KLBN11;16,43;0,0
18/05/2026;KLBN11;16,46;0,0
25/05/2026;KLBN11;16,67;0,0
01/06/2026;KLBN11;17,05;0,0
08/06/2026;KLBN11;16,88;0,0
15/06/2026;KLBN11;17,13;0,0
22/06/2026;KLBN11;16,96;0,0
29/06/2026;KLBN11;17,1;0,0
06/07/2026;KLBN11;17,54;0,0
13/07/2026;KLBN11;17,58;0,0
20/07/2026;KLBN11;17,52;0,0
27/07/2026;KLBN11;18,25;0,0
03/08/2026;KLBN11;18,01;0,0
10/08/2026;KLBN11;17,55;0,0
17/08/2026;KLBN11;18,49;0,0
24/08/2026;KLBN11;18,87;0,0
31/08/2026;KLBN11;19,47;0,0
07/09/2026;KLBN11;19,54;0,0
14/09/2026;KLBN11;19,14;0,0
21/09/2026;KLBN11;18,15;0,0
28/09/2026;KLBN11;18,27;0,0
27/09/2021;MXRF11;9,8807;0,0
04/10/2021;MXRF11;9,8709;0,0
11/10/2021;MXRF11;9,9202;0,0
18/10/2021;MXRF11;9,9005;0,0
25/10/2021;MXRF11;9,8906;0,0
01/11/2021;MXRF11;9,8413;0,0
08/11/2021;MXRF11;9,8216;0,0
15/11/2021;MXRF11;9,8314;0,0
22/11/2021;MXRF11;9,8216;0,0
29/11/2021;MXRF11;9,7821;0,0
06/12/2021;MXRF11;9,6737;0,0
13/12/2021;MXRF11;9,5948;0,0
20/12/2021;MXRF11;9,792;0,0
27/12/2021;MXRF11;9,8709;0,0
03/01/2022;MXRF11;9,8512;0,0
10/01/2022;MXRF11;9,8413;0,0
17/01/2022;MXRF11;9,9202;0,0
24/01/2022;MXRF11;8,9735;0,0
31/01/2022;MXRF11;9,2694;0,0
07/02/2022;MXRF11;9,1905;0,0
14/02/2022;MXRF11;9,2398;0,0
21/02/2022;MXRF11;9,0919;0,0
28/02/2022;MXRF11;8,9932;0,0
07/03/2022;MXRF11;8,9341;0,0
14/03/2022;MXRF11;8,9538;0,0
21/03/2022;MXRF11;9,0228;0,0
28/03/2022;MXRF11;9,1707;0,0
04/04/2022;MXRF11;9,3187;0,0
11/04/2022;MXRF11;9,5553;0,0
18/04/2022;MXRF11;9,6638;0,0
25/04/2022;MXRF11;9,8117;0,0
02/05/2022;MXRF11;9,4962;0,108219
09/05/2022;MXRF11;9,2989;0,0
16/05/2022;MXRF11;9,5257;0,0
23/05/2022;MXRF11;9,7032;0,0
30/05/2022;MXRF11;9,5751;0,108219
06/06/2022;MXRF11;9,506;0,0
13/06/2022;MXRF11;9,506;0,0
20/06/2022;MXRF11;9,4764;0,0
27/06/2022;MXRF11;9,4469;0,098381
04/07/2022;MXRF11;9,5849;0,0
11/07/2022;MXRF11;9,5455;0,0
18/07/2022;MXRF11;9,5751;0,0
25/07/2022;MXRF11;9,7032;0,0
01/08/2022;MXRF11;9,6737;0,118057
08/08/2022;MXRF11;9,723;0,0
15/08/2022;MXRF11;9,8709;0,0
22/08/2022;MXRF11;10,0484;0,0
29/08/2022;MXRF11;9,9498;0,108219
05/09/2022;MXRF11;10,0287;0,0
12/09/2022;MXRF11;10,1569;0,0
19/09/2022;MXRF11;10,0484;0,0
26/09/2022;MXRF11;10,1569;0,0
03/10/2022;MXRF11;10,1667;0,098381
10/10/2022;MXRF11;10,1371;0,0
17/10/2022;MXRF11;10,1273;0,0
24/10/2022;MXRF11;10,1273;0,0
31/10/2022;MXRF11;10,1273;0,098381
07/11/2022;MXRF11;10,0188;0,0
14/11/2022;MXRF11;9,9794;0,0
21/11/2022;MXRF11;9,9103;0,0
28/11/2022;MXRF11;9,8709;0,078704
05/12/2022;MXRF11;9,861;0,0
12/12/2022;MXRF11;9,7624;0,0
19/12/2022;MXRF11;9,8512;0,0
26/12/2022;MXRF11;9,9498;0,0
02/01/2023;MXRF11;9,9991;0,098381
09/01/2023;MXRF11;10,0582;0,0
16/01/2023;MXRF11;9,93;0,0
23/01/2023;MXRF11;9,9498;0,0
30/01/2023;MXRF11;9,93;0,108219
06/02/2023;MXRF11;9,9498;0,0
13/02/2023;MXRF11;10,0089;0,0
20/02/2023;MXRF11;10,0484;0,0
27/02/2023;MXRF11;10,0977;0,118057
06/03/2023;MXRF11;10,1273;0,0
13/03/2023;MXRF11;10,1075;0,0
20/03/2023;MXRF11;10,1963;0,0
27/03/2023;MXRF11;10,2357;0,0
03/04/2023;MXRF11;10,2062;0,118057
10/04/2023;MXRF11;10,2062;0,0
17/04/2023;MXRF11;10,2456;0,0
24/04/2023;MXRF11;10,4231;0,0
01/05/2023;MXRF11;10,3738;0,118057
08/05/2023;MXRF11;10,4823;0,0
15/05/2023;MXRF11;10,5809;0,0
22/05/2023;MXRF11;10,3738;0,0
29/05/2023;MXRF11;10,4527;0,118057
05/06/2023;MXRF11;10,5612;0,0
12/06/2023;MXRF11;10,7387;0,0
19/06/2023;MXRF11;10,6302;0,0
26/06/2023;MXRF11;10,8175;0,0
03/07/2023;MXRF11;10,6289;0,118814
10/07/2023;MXRF11;10,5694;0,0
17/07/2023;MXRF11;10,4801;0,0
24/07/2023;MXRF11;10,5297;0,0
31/07/2023;MXRF11;10,619;0,118814
07/08/2023;MXRF11;10,4404;0,0
14/08/2023;MXRF11;10,5098;0,0
21/08/2023;MXRF11;10,6984;0,0
28/08/2023;MXRF11;10,6786;0,108913
04/09/2023;MXRF11;10,7778;0,0
11/09/2023;MXRF11;11,0358;0,0
18/09/2023;MXRF11;10,8671;0,0
25/09/2023;MXRF11;10,9862;0,0
02/10/2023;MXRF11;10,887;0,108913
09/10/2023;MXRF11;10,8969;0,0
16/10/2023;MXRF11;10,877;0,0
23/10/2023;MXRF11;10,7679;0,0
30/10/2023;MXRF11;10,5892;0,108913
06/11/2023;MXRF11;10,758;0,0
13/11/2023;MXRF11;10,8373;0,0
20/11/2023;MXRF11;10,748;0,0
27/11/2023;MXRF11;10,46;0,109744
04/12/2023;MXRF11;10,45;0,0
11/12/2023;MXRF11;10,57;0,0
18/12/2023;MXRF11;10,47;0,0
25/12/2023;MXRF11;10,57;0,0
01/01/2024;MXRF11;10,59;0,109744
08/01/2024;MXRF11;10,63;0,0
15/01/2024;MXRF11;10,7;0,0
22/01/2024;MXRF11;10,71;0,0
29/01/2024;MXRF11;10,55;0,099767
05/02/2024;MXRF11;10,53;0,0
12/02/2024;MXRF11;10,5;0,0
19/02/2024;MXRF11;10,5;0,0
26/02/2024;MXRF11;10,29;0,099767
04/03/2024;MXRF11;10,32;0,0
11/03/2024;MXRF11;10,33;0,0
18/03/2024;MXRF11;10,46;0,0
25/03/2024;MXRF11;10,51;0,0
01/04/2024;MXRF11;10,44;0,099767
08/04/2024;MXRF11;10,49;0,0
15/04/2024;MXRF11;10,39;0,0
22/04/2024;MXRF11;10,36;0,0
29/04/2024;MXRF11;10,22;0,099767
06/05/2024;MXRF11;10,33;0,0
13/05/2024;MXRF11;10,36;0,0
20/05/2024;MXRF11;10,33;0,0
27/05/2024;MXRF11;10,32;0,0
03/06/2024;MXRF11;10,1742;0,099767
10/06/2024;MXRF11;10,18;0,0
17/06/2024;MXRF11;10,13;0,0
24/06/2024;MXRF11;10,24;0,0
01/07/2024;MXRF11;10,16;0,099922
08/07/2024;MXRF11;10,2;0,0
15/07/2024;MXRF11;10,18;0,0
22/07/2024;MXRF11;10,17;0,0
29/07/2024;MXRF11;10,09;0,099922
05/08/2024;MXRF11;9,99;0,0
12/08/2024;MXRF11;10,06;0,0
19/08/2024;MXRF11;10,1;0,0
26/08/2024;MXRF11;10,14;0,0
02/09/2024;MXRF11;10,02;0,08993
09/09/2024;MXRF11;10,0;0,0
16/09/2024;MXRF11;10,09;0,0
23/09/2024;MXRF11;9,99;0,0
30/09/2024;MXRF11;9,9;0,08993
07/10/2024;MXRF11;9,77;0,0
14/10/2024;MXRF11;9,78;0,0
21/10/2024;MXRF11;9,51;0,0
28/10/2024;MXRF11;9,42;0,08993
04/11/2024;MXRF11;9,32;0,0
11/11/2024;MXRF11;9,14;0,0
18/11/2024;MXRF11;9,35;0,0
25/11/2024;MXRF11;9,38;0,0
02/12/2024;MXRF11;9,24;0,099922
09/12/2024;MXRF11;9,08;0,0
16/12/2024;MXRF11;8,86;0,0
23/12/2024;MXRF11;9,33;0,0
30/12/2024;MXRF11;9,31;0,099922
06/01/2025;MXRF11;9,35;0,0
13/01/2025;MXRF11;9,14;0,0
20/01/2025;MXRF11;9,16;0,0
27/01/2025;MXRF11;9,21;0,0
03/02/2025;MXRF11;8,99;0,08993
10/02/2025;MXRF11;9,0;0,0
17/02/2025;MXRF11;9,12;0,0
24/02/2025;MXRF11;9,08;0,0
03/03/2025;MXRF11;9,05;0,08993
10/03/2025;MXRF11;9,05;0,0
17/03/2025;MXRF11;9,06;0,0
24/03/2025;MXRF11;9,14;0,0
31/03/2025;MXRF11;9,03;0,08993
07/04/2025;MXRF11;9,0;0,0
14/04/2025;MXRF11;9,13;0,0
21/04/2025;MXRF11;9,3;0,0
28/04/2025;MXRF11;9,29;0,099922
05/05/2025;MXRF11;9,35;0,0
12/05/2025;MXRF11;9,38;0,0
19/05/2025;MXRF11;9,63;0,0
26/05/2025;MXRF11;9,56;0,0
02/06/2025;MXRF11;9,4;0,099922
09/06/2025;MXRF11;9,38;0,0
16/06/2025;MXRF11;9,38;0,0
23/06/2025;MXRF11;9,47;0,0
30/06/2025;MXRF11;9,5;0,099922
07/07/2025;MXRF11;9,49;0,0
14/07/2025;MXRF11;9,5;0,0
21/07/2025;MXRF11;9,55;0,0
28/07/2025;MXRF11;9,4;0,099922
04/08/2025;MXRF11;9,41;0,0
11/08/2025;MXRF11;9,52;0,0
18/08/2025;MXRF11;9,54;0,0
25/08/2025;MXRF11;9,62;0,0
01/09/2025;MXRF11;9,55;0,099922
08/09/2025;MXRF11;9,78;0,0
15/09/2025;MXRF11;9,8;0,0
22/09/2025;MXRF11;9,79;0,0
29/09/2025;MXRF11;9,68;0,099922
06/10/2025;MXRF11;9,55;0,0
13/10/2025;MXRF11;9,67;0,0
20/10/2025;MXRF11;9,64;0,0
27/10/2025;MXRF11;9,65;0,0
03/11/2025;MXRF11;9,66;0,099922
10/11/2025;MXRF11;9,63;0,0
17/11/2025;MXRF11;9,57;0,0
24/11/2025;MXRF11;9,63;0,0
01/12/2025;MXRF11;9,49;0,099922
08/12/2025;MXRF11;9,53;0,0
15/12/2025;MXRF11;9,6;0,0
22/12/2025;MXRF11;9,54;0,0
29/12/2025;MXRF11;9,5;0,099922
05/01/2026;MXRF11;9,51;0,0
12/01/2026;MXRF11;9,45;0,0
19/01/2026;MXRF11;9,5;0,0
26/01/2026;MXRF11;9,62;0,0
02/02/2026;MXRF11;9,58;0,099922
09/02/2026;MXRF11;9,74;0,0
16/02/2026;MXRF11;9,79;0,0
23/02/2026;MXRF11;9,99;0,0
02/03/2026;MXRF11;9,76;0,099922
09/03/2026;MXRF11;9,7;0,0
16/03/2026;MXRF11;9,77;0,0
23/03/2026;MXRF11;9,92;0,0
30/03/2026;MXRF11;9,76;0,094926
06/04/2026;MXRF11;9,79;0,0
13/04/2026;MXRF11;9,87;0,0
20/04/2026;MXRF11;9,93;0,0
27/04/2026;MXRF11;9,92;0,0
04/05/2026;MXRF11;9,93;0,099922
11/05/2026;MXRF11;9,92;0,0
18/05/2026;MXRF11;9,91;0,0
25/05/2026;MXRF11;9,98;0,0
01/06/2026;MXRF11;9,8;0,099922
08/06/2026;MXRF11;9,66;0,0
15/06/2026;MXRF11;9,7424;0,0
22/06/2026;MXRF11;9,74;0,0
29/06/2026;MXRF11;9,76;0,1
06/07/2026;MXRF11;9,74;0,0
13/07/2026;MXRF11;9,73;0,0
20/07/2026;MXRF11;9,63;0,0
27/07/2026;MXRF11;9,58;0,0
03/08/2026;MXRF11;9,46;0,1
10/08/2026;MXRF11;9,34;0,0
17/08/2026;MXRF11;9,26;0,0
24/08/2026;MXRF11;9,3;0,0
31/08/2026;MXRF11;9,19;0,1
07/09/2026;MXRF11;9,14;0,0
14/09/2026;MXRF11;9,1;0,0
21/09/2026;MXRF11;9,1;0,0
28/09/2026;MXRF11;9,1;0,0
27/09/2021;PETR4;28,0;0,0
04/10/2021;PETR4;29,12;0,0
11/10/2021;PETR4;29,6;0,0
18/10/2021;PETR4;27,18;0,0
25/10/2021;PETR4;27,15;0,0
01/11/2021;PETR4;25,85;0,0
08/11/2021;PETR4;26,99;0,0
15/11/2021;PETR4;26,1;0,0
22/11/2021;PETR4;28,47;0,0
29/11/2021;PETR4;28,76;3,250487
06/12/2021;PETR4;29,65;0,0
13/12/2021;PETR4;28,99;0,0
20/12/2021;PETR4;28,33;0,0
27/12/2021;PETR4;28,5;0,0
03/01/2022;PETR4;28,18;0,0
10/01/2022;PETR4;31,45;0,0
17/01/2022;PETR4;31,77;0,0
24/01/2022;PETR4;32,54;0,0
31/01/2022;PETR4;32,63;0,0
07/02/2022;PETR4;33,76;0,0
14/02/2022;PETR4;33,0;0,0
21/02/2022;PETR4;34,0;0,0
28/02/2022;PETR4;34,23;0,0
07/03/2022;PETR4;32,49;0,0
14/03/2022;PETR4;30,61;0,0
21/03/2022;PETR4;32,3;0,0
28/03/2022;PETR4;33,01;0,0
04/04/2022;PETR4;34,21;0,0
11/04/2022;PETR4;31,27;2,970249
18/04/2022;PETR4;30,56;0,0
25/04/2022;PETR4;30,28;0,0
02/05/2022;PETR4;33,06;0,0
09/05/2022;PETR4;34,27;0,0
16/05/2022;PETR4;34,83;0,0
23/05/2022;PETR4;30,6;3,71549
30/05/2022;PETR4;30,28;0,0
06/06/2022;PETR4;29,65;0,0
13/06/2022;PETR4;27,31;0,0
20/06/2022;PETR4;26,29;0,0
27/06/2022;PETR4;28,53;0,0
04/07/2022;PETR4;28,8;0,0
11/07/2022;PETR4;27,96;0,0
18/07/2022;PETR4;29,33;0,0
25/07/2022;PETR4;34,15;0,0
01/08/2022;PETR4;34,87;0,0
08/08/2022;PETR4;31,71;6,732003
15/08/2022;PETR4;31,73;0,0
22/08/2022;PETR4;33,64;0,0
29/08/2022;PETR4;33,42;0,0
05/09/2022;PETR4;31,79;0,0
12/09/2022;PETR4;30,78;0,0
19/09/2022;PETR4;29,94;0,0
26/09/2022;PETR4;29,8;0,0
03/10/2022;PETR4;33,63;0,0
10/10/2022;PETR4;33,42;0,0
17/10/2022;PETR4;37,72;0,0
24/10/2022;PETR4;32,57;0,0
31/10/2022;PETR4;28,3;0,0
07/11/2022;PETR4;26,99;0,0
14/11/2022;PETR4;26,7;0,0
21/11/2022;PETR4;23,86;1,748708
28/11/2022;PETR4;25,91;0,0
05/12/2022;PETR4;24,71;0,0
12/12/2022;PETR4;22,05;0,0
19/12/2022;PETR4;25,12;0,0
26/12/2022;PETR4;24,5;0,0
02/01/2023;PETR4;23,74;0,0
09/01/2023;PETR4;24,57;0,0
16/01/2023;PETR4;26,37;0,0
23/01/2023;PETR4;25,62;0,0
30/01/2023;PETR4;24,79;0,0
06/02/2023;PETR4;26,72;0,0
13/02/2023;PETR4;26,44;0,0
20/02/2023;PETR4;25,9;0,0
27/02/2023;PETR4;25,7;0,0
06/03/2023;PETR4;24,98;0,0
13/03/2023;PETR4;23,51;0,0
20/03/2023;PETR4;22,79;0,0
27/03/2023;PETR4;23,45;0,0
03/04/2023;PETR4;24,0;0,0
10/04/2023;PETR4;26,3;0,0
17/04/2023;PETR4;26,69;0,0
24/04/2023;PETR4;23,7;2,930163
01/05/2023;PETR4;24,0;0,0
08/05/2023;PETR4;26,25;0,0
15/05/2023;PETR4;25,77;0,0
22/05/2023;PETR4;26,8;0,0
29/05/2023;PETR4;27,18;0,0
05/06/2023;PETR4;30,28;0,0
12/06/2023;PETR4;29,64;1,893576
19/06/2023;PETR4;30,16;0,0
26/06/2023;PETR4;29,53;0,0
03/07/2023;PETR4;29,5;0,0
10/07/2023;PETR4;29,05;0,0
17/07/2023;PETR4;29,68;0,0
24/07/2023;PETR4;29,76;0,0
31/07/2023;PETR4;30,0;0,0
07/08/2023;PETR4;30,56;0,0
14/08/2023;PETR4;31,52;0,0
21/08/2023;PETR4;31,97;1,149304
28/08/2023;PETR4;32,63;0,0
04/09/2023;PETR4;33,4;0,0
11/09/2023;PETR4;33,89;0,0
18/09/2023;PETR4;34,03;0,0
25/09/2023;PETR4;34,64;0,0
02/10/2023;PETR4;33,51;0,0
09/10/2023;PETR4;36,28;0,0
16/10/2023;PETR4;37,85;0,0
23/10/2023;PETR4;35,44;0,0
30/10/2023;PETR4;35,54;0,0
06/11/2023;PETR4;34,72;0,0
13/11/2023;PETR4;36,71;0,0
20/11/2023;PETR4;35,27;1,371248
27/11/2023;PETR4;35,67;0,0
04/12/2023;PETR4;34,49;0,0
11/12/2023;PETR4;35,4;0,0
18/12/2023;PETR4;36,74;0,0
25/12/2023;PETR4;37,24;0,0
01/01/2024;PETR4;38,72;0,0
08/01/2024;PETR4;38,17;0,0
15/01/2024;PETR4;37,53;0,0
22/01/2024;PETR4;39,96;0,0
29/01/2024;PETR4;41,03;0,0
05/02/2024;PETR4;41,3;0,0
12/02/2024;PETR4;42,69;0,0
19/02/2024;PETR4;41,9;0,0
26/02/2024;PETR4;40,18;0,0
04/03/2024;PETR4;36,7;0,0
11/03/2024;PETR4;36,32;0,0
18/03/2024;PETR4;36,05;0,0
25/03/2024;PETR4;37,36;0,0
01/04/2024;PETR4;38,1;0,0
08/04/2024;PETR4;38,94;0,0
15/04/2024;PETR4;40,53;0,0
22/04/2024;PETR4;41,65;1,150024
29/04/2024;PETR4;39,89;1,776022
06/05/2024;PETR4;41,58;0,0
13/05/2024;PETR4;36,69;0,0
20/05/2024;PETR4;36,61;0,0
27/05/2024;PETR4;38,79;0,0
03/06/2024;PETR4;36,94;0,0
10/06/2024;PETR4;34,68;1,043242
17/06/2024;PETR4;36,69;0,0
24/06/2024;PETR4;38,05;0,0
01/07/2024;PETR4;37,52;0,0
08/07/2024;PETR4;38,15;0,0
15/07/2024;PETR4;38,69;0,0
22/07/2024;PETR4;37,64;0,0
29/07/2024;PETR4;35,73;0,0
05/08/2024;PETR4;36,51;0,0
12/08/2024;PETR4;38,5;0,0
19/08/2024;PETR4;36,89;1,0532
26/08/2024;PETR4;39,37;0,0
02/09/2024;PETR4;37,55;0,0
09/09/2024;PETR4;36,7;0,0
16/09/2024;PETR4;36,26;0,0
23/09/2024;PETR4;36,11;0,0
30/09/2024;PETR4;37,84;0,0
07/10/2024;PETR4;37,62;0,0
14/10/2024;PETR4;36,83;0,0
21/10/2024;PETR4;36,15;0,0
28/10/2024;PETR4;35,42;0,0
04/11/2024;PETR4;36,18;0,0
11/11/2024;PETR4;37,27;0,0
18/11/2024;PETR4;39,42;0,0
25/11/2024;PETR4;38,9;0,0
02/12/2024;PETR4;39,03;0,0
09/12/2024;PETR4;38,1;1,551743
16/12/2024;PETR4;36,85;0,0
23/12/2024;PETR4;35,66;1,356891
30/12/2024;PETR4;36,38;0,0
06/01/2025;PETR4;36,94;0,0
13/01/2025;PETR4;37,2;0,0
20/01/2025;PETR4;36,64;0,0
27/01/2025;PETR4;37,69;0,0
03/02/2025;PETR4;36,58;0,0
10/02/2025;PETR4;37,44;0,0
17/02/2025;PETR4;38,39;0,0
24/02/2025;PETR4;35,93;0,0
03/03/2025;PETR4;34,63;0,0
10/03/2025;PETR4;35,5;0,0
17/03/2025;PETR4;36,8;0,0
24/03/2025;PETR4;37,43;0,0
31/03/2025;PETR4;34,55;0,0
07/04/2025;PETR4;31,85;0,0
14/04/2025;PETR4;30,85;0,74813
21/04/2025;PETR4;30,52;0,0
28/04/2025;PETR4;30,81;0,0
05/05/2025;PETR4;30,91;0,0
12/05/2025;PETR4;32,02;0,0
19/05/2025;PETR4;31,4;0,0
26/05/2025;PETR4;30,9;0,0
02/06/2025;PETR4;29,67;0,909166
09/06/2025;PETR4;32,53;0,0
16/06/2025;PETR4;32,82;0,0
23/06/2025;PETR4;31,21;0,0
30/06/2025;PETR4;32,12;0,0
07/07/2025;PETR4;32,63;0,0
14/07/2025;PETR4;30,99;0,0
21/07/2025;PETR4;31,98;0,0
28/07/2025;PETR4;32,21;0,0
04/08/2025;PETR4;30,53;0,0
11/08/2025;PETR4;30,17;0,0
18/08/2025;PETR4;30,47;0,671924
25/08/2025;PETR4;31,1;0,0
01/09/2025;PETR4;30,59;0,0
08/09/2025;PETR4;31,18;0,0
15/09/2025;PETR4;31,06;0,0
22/09/2025;PETR4;32,25;0,0
29/09/2025;PETR4;31,0;0,0
06/10/2025;PETR4;29,94;0,0
13/10/2025;PETR4;29,73;0,0
20/10/2025;PETR4;29,84;0,0
27/10/2025;PETR4;29,75;0,0
03/11/2025;PETR4;32,18;0,0
10/11/2025;PETR4;32,7;0,0
17/11/2025;PETR4;32,57;0,0
24/11/2025;PETR4;31,79;0,0
01/12/2025;PETR4;31,37;0,0
08/12/2025;PETR4;31,59;0,0
15/12/2025;PETR4;31,01;0,0
22/12/2025;PETR4;30,41;0,952128
29/12/2025;PETR4;30,71;0,0
05/01/2026;PETR4;30,3;0,0
12/01/2026;PETR4;32,04;0,0
19/01/2026;PETR4;35,04;0,0
26/01/2026;PETR4;37,76;0,0
02/02/2026;PETR4;36,65;0,0
09/02/2026;PETR4;36,89;0,0
16/02/2026;PETR4;37,97;0,0
23/02/2026;PETR4;39,33;0,0
02/03/2026;PETR4;42,16;0,0
09/03/2026;PETR4;44,67;0,0
16/03/2026;PETR4;45,67;0,0
23/03/2026;PETR4;49,41;0,0
30/03/2026;PETR4;48,15;0,0
06/04/2026;PETR4;49,03;0,0
13/04/2026;PETR4;46,22;0,0
20/04/2026;PETR4;47,16;0,663103
27/04/2026;PETR4;49,08;0,0
04/05/2026;PETR4;45,67;0,0
11/05/2026;PETR4;45,47;0,0
18/05/2026;PETR4;44,48;0,0
25/05/2026;PETR4;42,0;0,0
01/06/2026;PETR4;40,89;0,700973
08/06/2026;PETR4;41,18;0,0
15/06/2026;PETR4;38,8;0,0
22/06/2026;PETR4;38,06;0,0
29/06/2026;PETR4;38,25;0,0
06/07/2026;PETR4;39,65;0,0
13/07/2026;PETR4;40,9;0,0
20/07/2026;PETR4;42,21;0,0
27/07/2026;PETR4;43,42;0,0
03/08/2026;PETR4;40,87;0,0
10/08/2026;PETR4;42,09;0,0
17/08/2026;PETR4;44,3;0,0
24/08/2026;PETR4;43,55;1,348143
31/08/2026;PETR4;47,11;0,0
07/09/2026;PETR4;49,0;0,0
14/09/2026;PETR4;48,5;0,0
21/09/2026;PETR4;48,07;0,0
28/09/2026;PETR4;49,1;0,0
08/08/2022;SNAG11;10,005;0,0
15/08/2022;SNAG11;10,009;0,0
22/08/2022;SNAG11;10,014;0,0
29/08/2022;SNAG11;10,024;0,0
05/09/2022;SNAG11;10,085;0,0
12/09/2022;SNAG11;10,029;0,6
19/09/2022;SNAG11;10,04;0,0
26/09/2022;SNAG11;10,045;0,0
03/10/2022;SNAG11;10,08;0,0
10/10/2022;SNAG11;10,12;0,0
17/10/2022;SNAG11;10,12;2,4
24/10/2022;SNAG11;10,12;0,0
31/10/2022;SNAG11;10,12;0,0
07/11/2022;SNAG11;10,219;0,0
14/11/2022;SNAG11;10,004;1,2
21/11/2022;SNAG11;10,158;0,0
28/11/2022;SNAG11;10,3;0,0
05/12/2022;SNAG11;10,283;0,0
12/12/2022;SNAG11;10,119;1,2
19/12/2022;SNAG11;10,229;0,0
26/12/2022;SNAG11;10,1;0,0
02/01/2023;SNAG11;10,12;0,0
09/01/2023;SNAG11;10,169;0,0
16/01/2023;SNAG11;10,08;1,2
23/01/2023;SNAG11;10,088;0,0
30/01/2023;SNAG11;10,07;0,0
06/02/2023;SNAG11;10,13;0,0
13/02/2023;SNAG11;10,048;1,2
20/02/2023;SNAG11;10,055;0,0
27/02/2023;SNAG11;10,06;0,0
06/03/2023;SNAG11;10,09;0,0
13/03/2023;SNAG11;10,05;1,06
20/03/2023;SNAG11;10,056;0,0
27/03/2023;SNAG11;10,069;0,0
03/04/2023;SNAG11;10,08;0,0
10/04/2023;SNAG11;10,17;0,0
17/04/2023;SNAG11;10,05;1,2
24/04/2023;SNAG11;10,07;0,0
01/05/2023;SNAG11;10,08;0,0
08/05/2023;SNAG11;10,109;0,0
15/05/2023;SNAG11;10,055;1,06
22/05/2023;SNAG11;10,06;0,0
29/05/2023;SNAG11;10,07;0,0
05/06/2023;SNAG11;10,11;0,0
12/06/2023;SNAG11;10,03;1,2
19/06/2023;SNAG11;10,05;0,0
26/06/2023;SNAG11;10,07;0,0
03/07/2023;SNAG11;10,095;0,0
10/07/2023;SNAG11;10,12;0,0
17/07/2023;SNAG11;10,04;1,2
24/07/2023;SNAG11;10,07;0,0
31/07/2023;SNAG11;10,21;0,0
07/08/2023;SNAG11;10,29;0,12
14/08/2023;SNAG11;10,2;0,12
21/08/2023;SNAG11;10,4;0,0
28/08/2023;SNAG11;10,39;0,0
04/09/2023;SNAG11;10,4;0,0
11/09/2023;SNAG11;10,34;0,0
18/09/2023;SNAG11;10,23;0,12
25/09/2023;SNAG11;10,28;0,0
02/10/2023;SNAG11;10,21;0,0
09/10/2023;SNAG11;10,35;0,0
16/10/2023;SNAG11;10,22;0,1
23/10/2023;SNAG11;10,29;0,0
30/10/2023;SNAG11;10,25;0,0
06/11/2023;SNAG11;10,18;0,0
13/11/2023;SNAG11;10,01;0,11
20/11/2023;SNAG11;10,05;0,0
27/11/2023;SNAG11;10,12;0,0
04/12/2023;SNAG11;10,12;0,0
11/12/2023;SNAG11;10,11;0,0
18/12/2023;SNAG11;10,1;0,11
25/12/2023;SNAG11;10,1;0,0
01/01/2024;SNAG11;10,1;0,0
08/01/2024;SNAG11;10,1;0,0
15/01/2024;SNAG11;10,05;0,105
22/01/2024;SNAG11;10,07;0,0
29/01/2024;SNAG11;10,06;0,0
05/02/2024;SNAG11;10,07;0,0
12/02/2024;SNAG11;10,03;0,105
19/02/2024;SNAG11;10,05;0,0
26/02/2024;SNAG11;10,05;0,0
04/03/2024;SNAG11;10,06;0,0
11/03/2024;SNAG11;10,1;0,0
18/03/2024;SNAG11;10,03;0,105
25/03/2024;SNAG11;10,04;0,0
01/04/2024;SNAG11;10,08;0,0
08/04/2024;SNAG11;10,11;0,0
15/04/2024;SNAG11;10,04;0,105
22/04/2024;SNAG11;10,04;0,0
29/04/2024;SNAG11;10,05;0,0
06/05/2024;SNAG11;10,04;0,0
13/05/2024;SNAG11;10,04;0,105
20/05/2024;SNAG11;10,05;0,0
27/05/2024;SNAG11;10,01;0,0
03/06/2024;SNAG11;10,05;0,0
10/06/2024;SNAG11;10,05;0,0
17/06/2024;SNAG11;10,0;0,1
24/06/2024;SNAG11;10,01;0,0
01/07/2024;SNAG11;10,03;0,0
08/07/2024;SNAG11;10,06;0,0
15/07/2024;SNAG11;10,0;0,1
22/07/2024;SNAG11;10,09;0,0
29/07/2024;SNAG11;10,06;0,0
05/08/2024;SNAG11;10,14;0,0
12/08/2024;SNAG11;10,16;0,1
19/08/2024;SNAG11;10,22;0,0
26/08/2024;SNAG11;10,3;0,0
02/09/2024;SNAG11;10,12;0,0
09/09/2024;SNAG11;10,17;0,0
16/09/2024;SNAG11;10,08;0,1
23/09/2024;SNAG11;10,0;0,0
30/09/2024;SNAG11;9,95;0,0
07/10/2024;SNAG11;9,96;0,0
14/10/2024;SNAG11;9,85;0,1
21/10/2024;SNAG11;9,36;0,0
28/10/2024;SNAG11;9,54;0,0
04/11/2024;SNAG11;9,75;0,0
11/11/2024;SNAG11;9,8;0,0
18/11/2024;SNAG11;9,54;0,1
25/11/2024;SNAG11;9,59;0,0
02/12/2024;SNAG11;9,47;0,0
09/12/2024;SNAG11;9,67;0,0
16/12/2024;SNAG11;8,61;0,1
23/12/2024;SNAG11;8,92;0,0
30/12/2024;SNAG11;9,39;0,0
06/01/2025;SNAG11;9,22;0,0
13/01/2025;SNAG11;9,26;0,11
20/01/2025;SNAG11;9,16;0,0
27/01/2025;SNAG11;9,14;0,0
03/02/2025;SNAG11;9,2;0,0
10/02/2025;SNAG11;9,25;0,0
17/02/2025;SNAG11;9,28;0,11
24/02/2025;SNAG11;9,15;0,0
03/03/2025;SNAG11;9,15;0,0
10/03/2025;SNAG11;9,25;0,0
17/03/2025;SNAG11;9,15;0,11
24/03/2025;SNAG11;9,18;0,0
31/03/2025;SNAG11;9,45;0,0
07/04/2025;SNAG11;9,59;0,0
14/04/2025;SNAG11;9,57;0,11
21/04/2025;SNAG11;9,64;0,0
28/04/2025;SNAG11;9,67;0,0
05/05/2025;SNAG11;9,71;0,0
12/05/2025;SNAG11;9,6;0,11
19/05/2025;SNAG11;9,69;0,0
26/05/2025;SNAG11;9,7;0,0
02/06/2025;SNAG11;9,73;0,0
09/06/2025;SNAG11;9,73;0,0
16/06/2025;SNAG11;9,66;0,11
23/06/2025;SNAG11;9,7;0,0
30/06/2025;SNAG11;9,71;0,0
07/07/2025;SNAG11;9,71;0,0
14/07/2025;SNAG11;9,62;0,11
21/07/2025;SNAG11;9,64;0,0
28/07/2025;SNAG11;9,63;0,0
04/08/2025;SNAG11;9,67;0,0
11/08/2025;SNAG11;9,7;0,0
18/08/2025;SNAG11;9,55;0,11
25/08/2025;SNAG11;9,62;0,0
01/09/2025;SNAG11;9,6;0,0
08/09/2025;SNAG11;9,57;0,0
15/09/2025;SNAG11;9,52;0,12
22/09/2025;SNAG11;9,55;0,0
29/09/2025;SNAG11;9,58;0,0
06/10/2025;SNAG11;9,6;0,0
13/10/2025;SNAG11;9,51;0,12
20/10/2025;SNAG11;9,5;0,0
27/10/2025;SNAG11;9,62;0,0
03/11/2025;SNAG11;9,78;0,0
10/11/2025;SNAG11;10,22;0,0
17/11/2025;SNAG11;10,04;0,13
24/11/2025;SNAG11;10,17;0,0
01/12/2025;SNAG11;10,38;0,0
08/12/2025;SNAG11;10,73;0,0
15/12/2025;SNAG11;10,65;0,13
22/12/2025;SNAG11;10,87;0,0
29/12/2025;SNAG11;11,1;0,0
05/01/2026;SNAG11;11,17;0,0
12/01/2026;SNAG11;11,11;0,13
19/01/2026;SNAG11;11,13;0,0
26/01/2026;SNAG11;11,09;0,0
02/02/2026;SNAG11;11,01;0,0
09/02/2026;SNAG11;10,98;0,0
16/02/2026;SNAG11;10,77;0,2
23/02/2026;SNAG11;11,0;0,0
02/03/2026;SNAG11;10,81;0,0
09/03/2026;SNAG11;10,85;0,0
16/03/2026;SNAG11;10,65;0,15
23/03/2026;SNAG11;10,71;0,0
30/03/2026;SNAG11;10,9;0,0
06/04/2026;SNAG11;10,85;0,0
13/04/2026;SNAG11;10,73;0,12
20/04/2026;SNAG11;10,67;0,0
27/04/2026;SNAG11;10,63;0,0
04/05/2026;SNAG11;10,63;0,0
11/05/2026;SNAG11;10,61;0,0
18/05/2026;SNAG11;10,43;0,12
25/05/2026;SNAG11;10,48;0,0
01/06/2026;SNAG11;10,44;0,0
08/06/2026;SNAG11;10,2;0,0
15/06/2026;SNAG11;10,04;0,12
22/06/2026;SNAG11;10,0;0,0
29/06/2026;SNAG11;9,91;0,0
06/07/2026;SNAG11;9,9;0,0
13/07/2026;SNAG11;9,88;0,12
20/07/2026;SNAG11;9,74;0,0
27/07/2026;SNAG11;9,87;0,0
03/08/2026;SNAG11;9,86;0,0
10/08/2026;SNAG11;9,92;0,0
17/08/2026;SNAG11;9,69;0,12
24/08/2026;SNAG11;9,76;0,0
31/08/2026;SNAG11;9,91;0,0
07/09/2026;SNAG11;9,85;0,0
14/09/2026;SNAG11;9,76;0,12
21/09/2026;SNAG11;9,82;0,0
28/09/2026;SNAG11;9,81;0,0
27/09/2021;TAEE11;35,89;0,0
04/10/2021;TAEE11;36,58;0,0
11/10/2021;TAEE11;37,69;0,0
18/10/2021;TAEE11;36,82;0,0
25/10/2021;TAEE11;36,66;0,0
01/11/2021;TAEE11;36,77;0,0
08/11/2021;TAEE11;36,59;0,0
15/11/2021;TAEE11;35,52;0,0
22/11/2021;TAEE11;35,84;0,0
29/11/2021;TAEE11;37,47;0,0
06/12/2021;TAEE11;35,79;1,518146
13/12/2021;TAEE11;36,59;0,0
20/12/2021;TAEE11;36,2;0,0
27/12/2021;TAEE11;36,29;0,0
03/01/2022;TAEE11;36,24;0,0
10/01/2022;TAEE11;36,05;0,0
17/01/2022;TAEE11;37,95;0,0
24/01/2022;TAEE11;37,78;0,0
31/01/2022;TAEE11;37,59;0,0
07/02/2022;TAEE11;37,58;0,0
14/02/2022;TAEE11;37,87;0,0
21/02/2022;TAEE11;39,36;0,0
28/02/2022;TAEE11;41,22;0,0
07/03/2022;TAEE11;40,7;0,0
14/03/2022;TAEE11;42,42;0,0
21/03/2022;TAEE11;44,4;0,0
28/03/2022;TAEE11;44,25;0,0
04/04/2022;TAEE11;44,33;0,0
11/04/2022;TAEE11;44,3;0,0
18/04/2022;TAEE11;44,17;0,0
25/04/2022;TAEE11;44,29;0,0
02/05/2022;TAEE11;44,72;0,0
09/05/2022;TAEE11;40,33;2,323063
16/05/2022;TAEE11;40,8;0,0
23/05/2022;TAEE11;40,01;0,0
30/05/2022;TAEE11;41,27;0,0
06/06/2022;TAEE11;40,34;0,0
13/06/2022;TAEE11;40,02;0,0
20/06/2022;TAEE11;39,0;0,0
27/06/2022;TAEE11;39,28;0,0
04/07/2022;TAEE11;39,08;0,0
11/07/2022;TAEE11;39,6;0,0
18/07/2022;TAEE11;40,25;0,0
25/07/2022;TAEE11;40,46;0,0
01/08/2022;TAEE11;42,16;0,0
08/08/2022;TAEE11;42,66;0,0
15/08/2022;TAEE11;41,5;1,470929
22/08/2022;TAEE11;40,24;0,0
29/08/2022;TAEE11;42,12;0,0
05/09/2022;TAEE11;41,5;0,0
12/09/2022;TAEE11;40,65;0,0
19/09/2022;TAEE11;41,83;0,0
26/09/2022;TAEE11;38,95;0,0
03/10/2022;TAEE11;39,96;0,0
10/10/2022;TAEE11;38,85;0,0
17/10/2022;TAEE11;39,93;0,0
24/10/2022;TAEE11;39,53;0,0
31/10/2022;TAEE11;39,51;0,0
07/11/2022;TAEE11;39,52;0,0
14/11/2022;TAEE11;36,9;1,060606
21/11/2022;TAEE11;36,57;0,0
28/11/2022;TAEE11;35,26;0,0
05/12/2022;TAEE11;34,85;0,0
12/12/2022;TAEE11;33,1;0,0
19/12/2022;TAEE11;34,81;0,0
26/12/2022;TAEE11;34,6;0,0
02/01/2023;TAEE11;35,37;0,0
09/01/2023;TAEE11;34,89;1,335273
16/01/2023;TAEE11;35,22;0,0
23/01/2023;TAEE11;36,51;0,0
30/01/2023;TAEE11;35,73;0,0
06/02/2023;TAEE11;36,1;0,0
13/02/2023;TAEE11;36,06;0,0
20/02/2023;TAEE11;35,45;0,0
27/02/2023;TAEE11;35,7;0,0
06/03/2023;TAEE11;36,04;0,0
13/03/2023;TAEE11;35,48;0,0
20/03/2023;TAEE11;35,0;0,0
27/03/2023;TAEE11;34,83;0,0
03/04/2023;TAEE11;35,05;0,0
10/04/2023;TAEE11;34,8;0,0
17/04/2023;TAEE11;34,65;0,0
24/04/2023;TAEE11;36,41;0,0
01/05/2023;TAEE11;35,93;0,075612
08/05/2023;TAEE11;37,19;0,0
15/05/2023;TAEE11;37,08;0,0
22/05/2023;TAEE11;37,68;0,0
29/05/2023;TAEE11;36,93;0,0
05/06/2023;TAEE11;38,01;0,0
12/06/2023;TAEE11;37,39;0,0
19/06/2023;TAEE11;38,05;0,0
26/06/2023;TAEE11;37,64;0,0
03/07/2023;TAEE11;37,17;0,0
10/07/2023;TAEE11;36,17;0,0
17/07/2023;TAEE11;36,61;0,0
24/07/2023;TAEE11;36,19;0,0
31/07/2023;TAEE11;36,5;0,0
07/08/2023;TAEE11;34,83;0,909844
14/08/2023;TAEE11;34,72;0,0
21/08/2023;TAEE11;34,77;0,0
28/08/2023;TAEE11;34,91;0,0
04/09/2023;TAEE11;34,25;0,0
11/09/2023;TAEE11;35,31;0,0
18/09/2023;TAEE11;34,93;0,0
25/09/2023;TAEE11;34,56;0,0
02/10/2023;TAEE11;34,14;0,0
09/10/2023;TAEE11;33,5;0,0
16/10/2023;TAEE11;33,76;0,0
23/10/2023;TAEE11;33,96;0,0
30/10/2023;TAEE11;34,73;0,0
06/11/2023;TAEE11;36,03;0,0
13/11/2023;TAEE11;36,2;0,593779
20/11/2023;TAEE11;36,65;0,0
27/11/2023;TAEE11;36,49;0,0
04/12/2023;TAEE11;36,1;0,0
11/12/2023;TAEE11;37,21;0,0
18/12/2023;TAEE11;37,62;0,0
25/12/2023;TAEE11;38,38;0,0
01/01/2024;TAEE11;37,6;0,66184
08/01/2024;TAEE11;37,58;0,0
15/01/2024;TAEE11;37,35;0,0
22/01/2024;TAEE11;36,9;0,0
29/01/2024;TAEE11;36,53;0,0
05/02/2024;TAEE11;36,08;0,0
12/02/2024;TAEE11;35,65;0,0
19/02/2024;TAEE11;35,2;0,0
26/02/2024;TAEE11;35,0;0,0
04/03/2024;TAEE11;35,38;0,0
11/03/2024;TAEE11;35,33;0,0
18/03/2024;TAEE11;36,01;0,0
25/03/2024;TAEE11;36,31;0,0
01/04/2024;TAEE11;36,21;0,0
08/04/2024;TAEE11;35,69;0,0
15/04/2024;TAEE11;35,71;0,0
22/04/2024;TAEE11;35,25;0,0
29/04/2024;TAEE11;36,55;0,0
06/05/2024;TAEE11;34,62;1,132902
13/05/2024;TAEE11;34,85;0,420591
20/05/2024;TAEE11;35,3;0,0
27/05/2024;TAEE11;34,28;0,0
03/06/2024;TAEE11;33,69;0,0
10/06/2024;TAEE11;33,35;0,0
17/06/2024;TAEE11;33,6;0,0
24/06/2024;TAEE11;34,23;0,0
01/07/2024;TAEE11;34,73;0,0
08/07/2024;TAEE11;35,27;0,0
15/07/2024;TAEE11;33,9;0,0
22/07/2024;TAEE11;33,85;0,0
29/07/2024;TAEE11;34,68;0,0
05/08/2024;TAEE11;35,39;0,0
12/08/2024;TAEE11;34,73;0,648124
19/08/2024;TAEE11;35,75;0,0
26/08/2024;TAEE11;35,45;0,0
02/09/2024;TAEE11;35,82;0,0
09/09/2024;TAEE11;35,16;0,0
16/09/2024;TAEE11;34,29;0,0
23/09/2024;TAEE11;34,14;0,0
30/09/2024;TAEE11;34,26;0,0
07/10/2024;TAEE11;34,18;0,0
14/10/2024;TAEE11;34,9;0,0
21/10/2024;TAEE11;34,35;0,0
28/10/2024;TAEE11;34,62;0,0
04/11/2024;TAEE11;34,94;0,0
11/11/2024;TAEE11;33,72;0,668999
18/11/2024;TAEE11;34,29;0,0
25/11/2024;TAEE11;34,09;0,0
02/12/2024;TAEE11;34,13;0,0
09/12/2024;TAEE11;33,72;0,0
16/12/2024;TAEE11;33,63;0,0
23/12/2024;TAEE11;32,87;0,0
30/12/2024;TAEE11;32,21;0,0
06/01/2025;TAEE11;32,74;0,0
13/01/2025;TAEE11;32,64;0,0
20/01/2025;TAEE11;31,8;0,0
27/01/2025;TAEE11;33,51;0,0
03/02/2025;TAEE11;32,98;0,0
10/02/2025;TAEE11;33,53;0,0
17/02/2025;TAEE11;32,89;0,0
24/02/2025;TAEE11;32,79;0,0
03/03/2025;TAEE11;33,24;0,0
10/03/2025;TAEE11;34,07;0,0
17/03/2025;TAEE11;34,59;0,0
24/03/2025;TAEE11;33,95;0,0
31/03/2025;TAEE11;34,3;0,0
07/04/2025;TAEE11;34,01;0,0
14/04/2025;TAEE11;34,5;0,0
21/04/2025;TAEE11;35,97;0,0
28/04/2025;TAEE11;35,4;0,875206
05/05/2025;TAEE11;35,58;0,0
12/05/2025;TAEE11;35,4;0,546522
19/05/2025;TAEE11;35,53;0,0
26/05/2025;TAEE11;35,38;0,0
02/06/2025;TAEE11;34,37;0,0
09/06/2025;TAEE11;33,97;0,0
16/06/2025;TAEE11;34,54;0,0
23/06/2025;TAEE11;34,4;0,0
30/06/2025;TAEE11;35,03;0,0
07/07/2025;TAEE11;34,0;0,0
14/07/2025;TAEE11;33,81;0,0
21/07/2025;TAEE11;33,49;0,0
28/07/2025;TAEE11;33,44;0,0
04/08/2025;TAEE11;33,58;0,0
11/08/2025;TAEE11;33,83;0,0
18/08/2025;TAEE11;33,76;0,869171
25/08/2025;TAEE11;34,87;0,0
01/09/2025;TAEE11;34,8;0,0
08/09/2025;TAEE11;34,84;0,0
15/09/2025;TAEE11;35,81;0,0
22/09/2025;TAEE11;36,35;0,0
29/09/2025;TAEE11;36,7;0,0
06/10/2025;TAEE11;35,83;0,0
13/10/2025;TAEE11;36,67;0,0
20/10/2025;TAEE11;36,97;0,0
27/10/2025;TAEE11;38,1;0,0
03/11/2025;TAEE11;40,55;0,0
10/11/2025;TAEE11;45,0;0,0
17/11/2025;TAEE11;42,43;0,93836
24/11/2025;TAEE11;43,52;0,0
01/12/2025;TAEE11;41,21;0,0
08/12/2025;TAEE11;41,77;0,0
15/12/2025;TAEE11;40,88;0,0
22/12/2025;TAEE11;41,36;0,0
29/12/2025;TAEE11;41,97;0,0
05/01/2026;TAEE11;40,07;0,0
12/01/2026;TAEE11;39,5;0,0
19/01/2026;TAEE11;43,03;0,0
26/01/2026;TAEE11;41,63;0,0
02/02/2026;TAEE11;41,51;0,0
09/02/2026;TAEE11;43,6;0,0
16/02/2026;TAEE11;45,01;0,0
23/02/2026;TAEE11;44,18;0,0
02/03/2026;TAEE11;42,67;0,0
09/03/2026;TAEE11;42,2;0,0
16/03/2026;TAEE11;40,83;0,0
23/03/2026;TAEE11;41,11;0,0
30/03/2026;TAEE11;42,83;0,0
06/04/2026;TAEE11;45,22;0,0
13/04/2026;TAEE11;45,01;0,0
20/04/2026;TAEE11;44,11;0,0
27/04/2026;TAEE11;42,52;0,90886
04/05/2026;TAEE11;40,96;0,0
11/05/2026;TAEE11;38,29;0,558998
18/05/2026;TAEE11;38,73;0,0
25/05/2026;TAEE11;39,16;0,0
01/06/2026;TAEE11;38,6;0,0
08/06/2026;TAEE11;39,69;0,0
15/06/2026;TAEE11;39,3;0,0
22/06/2026;TAEE11;39,72;0,0
29/06/2026;TAEE11;41,07;0,0
06/07/2026;TAEE11;41,77;0,0
13/07/2026;TAEE11;40,89;0,0
20/07/2026;TAEE11;40,3;0,0
27/07/2026;TAEE11;39,66;0,0
03/08/2026;TAEE11;39,25;0,0
10/08/2026;TAEE11;37,94;0,0
17/08/2026;TAEE11;37,57;0,600238
24/08/2026;TAEE11;38,68;0,0
31/08/2026;TAEE11;41,53;0,0
07/09/2026;TAEE11;40,73;0,0
14/09/2026;TAEE11;41,91;0,0
21/09/2026;TAEE11;40,79;0,0
28/09/2026;TAEE11;40,56;0,0
27/09/2021;VALE3;76,2;0,0
04/10/2021;VALE3;79,85;0,0
11/10/2021;VALE3;80,68;0,0
18/10/2021;VALE3;76,08;0,0
25/10/2021;VALE3;71,61;0,0
01/11/2021;VALE3;64,11;0,0
08/11/2021;VALE3;68,3;0,0
15/11/2021;VALE3;64,03;0,0
22/11/2021;VALE3;68,64;0,0
29/11/2021;VALE3;71,87;0,0
06/12/2021;VALE3;75,65;0,0
13/12/2021;VALE3;79,17;0,0
20/12/2021;VALE3;79,15;0,0
27/12/2021;VALE3;78,75;0,0
03/01/2022;VALE3;84,0;0,0
10/01/2022;VALE3;84,69;0,0
17/01/2022;VALE3;84,91;0,0
24/01/2022;VALE3;83,66;0,0
31/01/2022;VALE3;88,0;0,0
07/02/2022;VALE3;91,97;0,0
14/02/2022;VALE3;85,83;0,0
21/02/2022;VALE3;92,28;0,0
28/02/2022;VALE3;101,97;0,0
07/03/2022;VALE3;96,79;3,719256
14/03/2022;VALE3;96,09;0,0
21/03/2022;VALE3;95,23;0,0
28/03/2022;VALE3;96,96;0,0
04/04/2022;VALE3;95,15;0,0
11/04/2022;VALE3;92,09;0,0
18/04/2022;VALE3;80,45;0,0
25/04/2022;VALE3;83,29;0,0
02/05/2022;VALE3;79,76;0,0
09/05/2022;VALE3;77,81;0,0
16/05/2022;VALE3;81,26;0,0
23/05/2022;VALE3;85,72;0,0
30/05/2022;VALE3;88,46;0,0
06/06/2022;VALE3;84,56;0,0
13/06/2022;VALE3;77,41;0,0
20/06/2022;VALE3;74,62;0,0
27/06/2022;VALE3;75,1;0,0
04/07/2022;VALE3;75,4;0,0
11/07/2022;VALE3;68,37;0,0
18/07/2022;VALE3;69,21;0,0
25/07/2022;VALE3;69,75;0,0
01/08/2022;VALE3;68,0;0,0
08/08/2022;VALE3;69,8;3,572057
15/08/2022;VALE3;66,96;0,0
22/08/2022;VALE3;68,23;0,0
29/08/2022;VALE3;62,92;0,0
05/09/2022;VALE3;69,55;0,0
12/09/2022;VALE3;68,25;0,0
19/09/2022;VALE3;68,57;0,0
26/09/2022;VALE3;72,04;0,0
03/10/2022;VALE3;75,51;0,0
10/10/2022;VALE3;69,83;0,0
17/10/2022;VALE3;74,13;0,0
24/10/2022;VALE3;67,45;0,0
31/10/2022;VALE3;72,25;0,0
07/11/2022;VALE3;82,3;0,0
14/11/2022;VALE3;80,83;0,0
21/11/2022;VALE3;80,9;0,0
28/11/2022;VALE3;86,8;0,0
05/12/2022;VALE3;88,74;0,0
12/12/2022;VALE3;85,68;0,292013
19/12/2022;VALE3;86,32;0,0
26/12/2022;VALE3;88,88;0,0
02/01/2023;VALE3;92,34;0,0
09/01/2023;VALE3;93,82;0,0
16/01/2023;VALE3;93,99;0,0
23/01/2023;VALE3;95,32;0,0
30/01/2023;VALE3;88,95;0,0
06/02/2023;VALE3;86,8;0,0
13/02/2023;VALE3;88,03;0,0
20/02/2023;VALE3;85,04;0,0
27/02/2023;VALE3;89,3;0,0
06/03/2023;VALE3;84,7;0,0
13/03/2023;VALE3;82,73;1,827646
20/03/2023;VALE3;78,67;0,0
27/03/2023;VALE3;80,29;0,0
03/04/2023;VALE3;76,75;0,0
10/04/2023;VALE3;78,81;0,0
17/04/2023;VALE3;74,66;0,0
24/04/2023;VALE3;72,4;0,0
01/05/2023;VALE3;69,04;0,0
08/05/2023;VALE3;68,08;0,0
15/05/2023;VALE3;69,21;0,0
22/05/2023;VALE3;66,33;0,0
29/05/2023;VALE3;67,94;0,0
05/06/2023;VALE3;68,36;0,0
12/06/2023;VALE3;69,67;0,0
19/06/2023;VALE3;65,9;0,0
26/06/2023;VALE3;64,22;0,0
03/07/2023;VALE3;65,46;0,0
10/07/2023;VALE3;68,61;0,0
17/07/2023;VALE3;67,8;0,0
24/07/2023;VALE3;67,63;0,0
31/07/2023;VALE3;67,56;0,0
07/08/2023;VALE3;65,51;0,0
14/08/2023;VALE3;61,22;1,918472
21/08/2023;VALE3;62,07;0,0
28/08/2023;VALE3;68,89;0,0
04/09/2023;VALE3;66,71;0,0
11/09/2023;VALE3;69,54;0,0
18/09/2023;VALE3;68,0;0,0
25/09/2023;VALE3;67,58;0,0
02/10/2023;VALE3;66,86;0,0
09/10/2023;VALE3;66,59;0,0
16/10/2023;VALE3;62,68;0,0
23/10/2023;VALE3;67,57;0,0
30/10/2023;VALE3;71,2;0,0
06/11/2023;VALE3;71,55;0,0
13/11/2023;VALE3;74,24;0,0
20/11/2023;VALE3;73,75;2,331662
27/11/2023;VALE3;75,22;0,0
04/12/2023;VALE3;72,8;0,0
11/12/2023;VALE3;73,86;0,0
18/12/2023;VALE3;76,39;0,0
25/12/2023;VALE3;77,2;0,0
01/01/2024;VALE3;74,65;0,0
08/01/2024;VALE3;71,69;0,0
15/01/2024;VALE3;68,1;0,0
22/01/2024;VALE3;69,5;0,0
29/01/2024;VALE3;66,08;0,0
05/02/2024;VALE3;65,92;0,0
12/02/2024;VALE3;68,0;0,0
19/02/2024;VALE3;67,38;0,0
26/02/2024;VALE3;66,88;0,0
04/03/2024;VALE3;66,01;0,0
11/03/2024;VALE3;59,76;2,738548
18/03/2024;VALE3;60,95;0,0
25/03/2024;VALE3;60,83;0,0
01/04/2024;VALE3;59,71;0,0
08/04/2024;VALE3;61,63;0,0
15/04/2024;VALE3;63,36;0,0
22/04/2024;VALE3;62,22;0,0
29/04/2024;VALE3;63,99;0,0
06/05/2024;VALE3;64,29;0,0
13/05/2024;VALE3;66,18;0,0
20/05/2024;VALE3;65,08;0,0
27/05/2024;VALE3;63,2;0,0
03/06/2024;VALE3;60,41;0,0
10/06/2024;VALE3;60,62;0,0
17/06/2024;VALE3;60,83;0,0
24/06/2024;VALE3;62,22;0,0
01/07/2024;VALE3;63,6;0,0
08/07/2024;VALE3;62,92;0,0
15/07/2024;VALE3;61,12;0,0
22/07/2024;VALE3;61,47;0,0
29/07/2024;VALE3;59,41;0,0
05/08/2024;VALE3;57,06;2,093798
12/08/2024;VALE3;56,08;0,0
19/08/2024;VALE3;57,4;0,0
26/08/2024;VALE3;59,58;0,0
02/09/2024;VALE3;56,68;0,0
09/09/2024;VALE3;58,5;0,0
16/09/2024;VALE3;57,35;0,0
23/09/2024;VALE3;63,96;0,0
30/09/2024;VALE3;62,48;0,0
07/10/2024;VALE3;62,13;0,0
14/10/2024;VALE3;60,55;0,0
21/10/2024;VALE3;61,73;0,0
28/10/2024;VALE3;62,03;0,0
04/11/2024;VALE3;60,63;0,0
11/11/2024;VALE3;56,84;0,0
18/11/2024;VALE3;58,18;0,0
25/11/2024;VALE3;58,78;0,0
02/12/2024;VALE3;56,81;0,0
09/12/2024;VALE3;55,86;0,520531
16/12/2024;VALE3;54,62;0,0
23/12/2024;VALE3;54,74;0,0
30/12/2024;VALE3;53,24;0,0
06/01/2025;VALE3;51,52;0,0
13/01/2025;VALE3;54,49;0,0
20/01/2025;VALE3;53,03;0,0
27/01/2025;VALE3;54,17;0,0
03/02/2025;VALE3;54,83;0,0
10/02/2025;VALE3;55,67;0,0
17/02/2025;VALE3;58,16;0,0
24/02/2025;VALE3;55,15;0,0
03/03/2025;VALE3;57,02;0,0
10/03/2025;VALE3;56,29;2,141847
17/03/2025;VALE3;57,45;0,0
24/03/2025;VALE3;57,56;0,0
31/03/2025;VALE3;52,68;0,0
07/04/2025;VALE3;53,66;0,0
14/04/2025;VALE3;52,88;0,0
21/04/2025;VALE3;53,85;0,0
28/04/2025;VALE3;52,8;0,0
05/05/2025;VALE3;52,95;0,0
12/05/2025;VALE3;55,49;0,0
19/05/2025;VALE3;54,32;0,0
26/05/2025;VALE3;52,1;0,0
02/06/2025;VALE3;52,98;0,0
09/06/2025;VALE3;52,13;0,0
16/06/2025;VALE3;49,92;0,0
23/06/2025;VALE3;52,87;0,0
30/06/2025;VALE3;55,2;0,0
07/07/2025;VALE3;56,0;0,0
14/07/2025;VALE3;54,56;0,0
21/07/2025;VALE3;55,7;0,0
28/07/2025;VALE3;53,75;0,0
04/08/2025;VALE3;55,39;0,0
11/08/2025;VALE3;53,32;1,895387
18/08/2025;VALE3;54,79;0,0
25/08/2025;VALE3;55,56;0,0
01/09/2025;VALE3;56,22;0,0
08/09/2025;VALE3;57,0;0,0
15/09/2025;VALE3;57,92;0,0
22/09/2025;VALE3;57,09;0,0
29/09/2025;VALE3;58,59;0,0
06/10/2025;VALE3;58,87;0,0
13/10/2025;VALE3;60,13;0,0
20/10/2025;VALE3;61,73;0,0
27/10/2025;VALE3;65,26;0,0
03/11/2025;VALE3;64,78;0,0
10/11/2025;VALE3;65,27;0,0
17/11/2025;VALE3;65,16;0,0
24/11/2025;VALE3;67,4;0,0
01/12/2025;VALE3;70,22;0,0
08/12/2025;VALE3;68,61;3,581771
15/12/2025;VALE3;70,85;0,0
22/12/2025;VALE3;73,12;0,0
29/12/2025;VALE3;72,38;0,0
05/01/2026;VALE3;74,72;0,0
12/01/2026;VALE3;78,88;0,0
19/01/2026;VALE3;85,02;0,0
26/01/2026;VALE3;84,32;0,0
02/02/2026;VALE3;85,63;0,0
09/02/2026;VALE3;87,03;0,0
16/02/2026;VALE3;86,81;0,0
23/02/2026;VALE3;88,47;0,0
02/03/2026;VALE3;78,86;0,0
09/03/2026;VALE3;78,3;0,0
16/03/2026;VALE3;75,55;0,0
23/03/2026;VALE3;79,0;0,0
30/03/2026;VALE3;83,55;0,0
06/04/2026;VALE3;85,59;0,0
13/04/2026;VALE3;89,75;0,0
20/04/2026;VALE3;85,87;0,0
27/04/2026;VALE3;81,18;0,0
04/05/2026;VALE3;80,8;0,0
11/05/2026;VALE3;83,5;0,0
18/05/2026;VALE3;83,1;0,0
25/05/2026;VALE3;82,82;0,0
01/06/2026;VALE3;78,7;0,0
08/06/2026;VALE3;79,17;0,0
15/06/2026;VALE3;80,75;0,0
22/06/2026;VALE3;78,15;0,0
29/06/2026;VALE3;78,84;0,0
06/07/2026;VALE3;74,18;0,0
13/07/2026;VALE3;72,94;0,0
20/07/2026;VALE3;75,24;0,0
27/07/2026;VALE3;76,28;0,0
03/08/2026;VALE3;74,97;0,0
10/08/2026;VALE3;71,3;2,030722
17/08/2026;VALE3;75,03;0,0
24/08/2026;VALE3;78,58;0,0
31/08/2026;VALE3;78,62;0,0
07/09/2026;VALE3;78,2;0,0
14/09/2026;VALE3;73,37;0,0
21/09/2026;VALE3;70,77;0,0
28/09/2026;VALE3;69,61;0,0
27/09/2021;XPLG11;101,0697;0,0
04/10/2021;XPLG11;101,1297;0,0
11/10/2021;XPLG11;102,8092;0,0
18/10/2021;XPLG11;101,6695;0,0
25/10/2021;XPLG11;98,2306;0,0
01/11/2021;XPLG11;95,6713;0,0
08/11/2021;XPLG11;92,6722;0,0
15/11/2021;XPLG11;90,123;0,0
22/11/2021;XPLG11;88,7734;0,0
29/11/2021;XPLG11;89,963;0,0
06/12/2021;XPLG11;97,2709;0,0
13/12/2021;XPLG11;96,2612;0,0
20/12/2021;XPLG11;97,0109;0,0
27/12/2021;XPLG11;102,3693;0,0
03/01/2022;XPLG11;96,891;0,0
10/01/2022;XPLG11;97,7707;0,0
17/01/2022;XPLG11;101,4696;0,0
24/01/2022;XPLG11;98,4205;0,0
31/01/2022;XPLG11;97,0809;0,0
07/02/2022;XPLG11;96,671;0,0
14/02/2022;XPLG11;96,821;0,0
21/02/2022;XPLG11;92,0124;0,0
28/02/2022;XPLG11;97,2209;0,0
07/03/2022;XPLG11;101,5296;0,0
14/03/2022;XPLG11;99,9401;0,0
21/03/2022;XPLG11;98,2506;0,0
28/03/2022;XPLG11;96,911;0,659802
04/04/2022;XPLG11;95,8413;0,0
11/04/2022;XPLG11;98,0606;0,0
18/04/2022;XPLG11;98,6704;0,0
25/04/2022;XPLG11;97,9207;0,0
02/05/2022;XPLG11;94,3217;0,659802
09/05/2022;XPLG11;94,2118;0,0
16/05/2022;XPLG11;95,3814;0,0
23/05/2022;XPLG11;94,3717;0,0
30/05/2022;XPLG11;97,8507;0,679796
06/06/2022;XPLG11;95,2615;0,0
13/06/2022;XPLG11;95,9712;0,0
20/06/2022;XPLG11;94,9516;0,0
27/06/2022;XPLG11;93,2021;0,69979
04/07/2022;XPLG11;95,7113;0,0
11/07/2022;XPLG11;95,9712;0,0
18/07/2022;XPLG11;95,3314;0,0
25/07/2022;XPLG11;97,5508;0,0
01/08/2022;XPLG11;96,1112;0,719784
08/08/2022;XPLG11;99,4902;0,0
15/08/2022;XPLG11;105,2885;0,0
22/08/2022;XPLG11;108,7474;0,0
29/08/2022;XPLG11;105,4684;0,719784
05/09/2022;XPLG11;106,5481;0,0
12/09/2022;XPLG11;109,6072;0,0
19/09/2022;XPLG11;109,1373;0,0
26/09/2022;XPLG11;109,8371;0,0
03/10/2022;XPLG11;107,5078;0,739778
10/10/2022;XPLG11;108,6474;0,0
17/10/2022;XPLG11;108,8374;0,0
24/10/2022;XPLG11;108,3675;0,0
31/10/2022;XPLG11;107,0579;0,739778
07/11/2022;XPLG11;102,8392;0,0
14/11/2022;XPLG11;100,2899;0,0
21/11/2022;XPLG11;98,2506;0,0
28/11/2022;XPLG11;100,5599;0,739778
05/12/2022;XPLG11;98,7204;0,0
12/12/2022;XPLG11;97,0709;0,0
19/12/2022;XPLG11;98,3005;0,0
26/12/2022;XPLG11;99,0503;0,0
02/01/2023;XPLG11;96,1712;0,739778
09/01/2023;XPLG11;95,3714;0,0
16/01/2023;XPLG11;90,9228;0,0
23/01/2023;XPLG11;91,6225;0,0
30/01/2023;XPLG11;91,3526;0,739778
06/02/2023;XPLG11;90,4729;0,0
13/02/2023;XPLG11;93,372;0,0
20/02/2023;XPLG11;92,3723;0,0
27/02/2023;XPLG11;92,4823;0,739778
06/03/2023;XPLG11;93,2121;0,0
13/03/2023;XPLG11;94,3317;0,0
20/03/2023;XPLG11;91,7925;0,0
27/03/2023;XPLG11;94,3517;0,0
03/04/2023;XPLG11;92,9222;0,739778
10/04/2023;XPLG11;95,1715;0,0
17/04/2023;XPLG11;96,5111;0,0
24/04/2023;XPLG11;99,97;0,0
01/05/2023;XPLG11;100,3099;0,739778
08/05/2023;XPLG11;103,569;0,0
15/05/2023;XPLG11;105,2585;0,0
22/05/2023;XPLG11;106,2082;0,0
29/05/2023;XPLG11;106,5381;0,749775
05/06/2023;XPLG11;108,9574;0,0
12/06/2023;XPLG11;110,9568;0,0
19/06/2023;XPLG11;112,0864;0,0
26/06/2023;XPLG11;114,1558;0,0
03/07/2023;XPLG11;114,1658;0,789763
10/07/2023;XPLG11;114,0058;0,0
17/07/2023;XPLG11;114,1458;0,0
24/07/2023;XPLG11;114,2958;0,0
31/07/2023;XPLG11;114,4557;0,779766
07/08/2023;XPLG11;114,8756;0,0
14/08/2023;XPLG11;113,346;0,0
21/08/2023;XPLG11;112,7462;0,0
28/08/2023;XPLG11;112,6;0,78
04/09/2023;XPLG11;113,3;0,0
11/09/2023;XPLG11;115,53;0,0
18/09/2023;XPLG11;113,54;0,0
25/09/2023;XPLG11;113,4;0,0
02/10/2023;XPLG11;112,4;0,78
09/10/2023;XPLG11;112,47;0,0
16/10/2023;XPLG11;109,9;0,0
23/10/2023;XPLG11;107,51;0,0
30/10/2023;XPLG11;108,45;0,0
06/11/2023;XPLG11;107,87;0,0
13/11/2023;XPLG11;108,48;0,0
20/11/2023;XPLG11;106,31;0,0
27/11/2023;XPLG11;106,22;0,78
04/12/2023;XPLG11;106,27;0,0
11/12/2023;XPLG11;102,69;0,0
18/12/2023;XPLG11;107,3;0,0
25/12/2023;XPLG11;108,9;0,0
01/01/2024;XPLG11;109,92;0,78
08/01/2024;XPLG11;109,74;0,0
15/01/2024;XPLG11;110,0;0,0
22/01/2024;XPLG11;109,9;0,0
29/01/2024;XPLG11;107,95;0,0
05/02/2024;XPLG11;108,72;0,0
12/02/2024;XPLG11;109,9;0,0
19/02/2024;XPLG11;111,5;0,0
26/02/2024;XPLG11;110,0;0,78
04/03/2024;XPLG11;111,83;0,0
11/03/2024;XPLG11;107,31;0,0
18/03/2024;XPLG11;110,05;0,0
25/03/2024;XPLG11;110,27;0,0
01/04/2024;XPLG11;108,8;0,78
08/04/2024;XPLG11;108,58;0,0
15/04/2024;XPLG11;106,18;0,0
22/04/2024;XPLG11;104,75;0,0
29/04/2024;XPLG11;104,95;0,78
06/05/2024;XPLG11;104,98;0,0
13/05/2024;XPLG11;104,72;0,0
20/05/2024;XPLG11;103,9;0,0
27/05/2024;XPLG11;104,85;0,0
03/06/2024;XPLG11;103,71;0,78
10/06/2024;XPLG11;102,67;0,0
17/06/2024;XPLG11;97,01;0,0
24/06/2024;XPLG11;99,88;0,0
01/07/2024;XPLG11;101,5;0,78
08/07/2024;XPLG11;103,48;0,0
15/07/2024;XPLG11;104,15;0,0
22/07/2024;XPLG11;103,62;0,0
29/07/2024;XPLG11;102,06;0,78
05/08/2024;XPLG11;102,03;0,0
12/08/2024;XPLG11;103,6;0,0
19/08/2024;XPLG11;103,1;0,0
26/08/2024;XPLG11;103,24;0,0
02/09/2024;XPLG11;102,03;0,78
09/09/2024;XPLG11;101,97;0,0
16/09/2024;XPLG11;101,9;0,0
23/09/2024;XPLG11;100,5;0,0
30/09/2024;XPLG11;99,5;0,78
07/10/2024;XPLG11;96,66;0,0
14/10/2024;XPLG11;97,84;0,0
21/10/2024;XPLG11;95,43;0,0
28/10/2024;XPLG11;97,05;0,78
04/11/2024;XPLG11;97,0;0,0
11/11/2024;XPLG11;96,8;0,0
18/11/2024;XPLG11;95,71;0,0
25/11/2024;XPLG11;94,0;0,0
02/12/2024;XPLG11;91,44;0,78
09/12/2024;XPLG11;90,36;0,0
16/12/2024;XPLG11;90,0;0,0
23/12/2024;XPLG11;94,02;0,0
30/12/2024;XPLG11;93,21;0,78
06/01/2025;XPLG11;92,2;0,0
13/01/2025;XPLG11;90,96;0,0
20/01/2025;XPLG11;91,14;0,0
27/01/2025;XPLG11;91,15;0,0
03/02/2025;XPLG11;91,0;0,82
10/02/2025;XPLG11;90,24;0,0
17/02/2025;XPLG11;96,26;0,0
24/02/2025;XPLG11;91,85;0,0
03/03/2025;XPLG11;92,0;0,82
10/03/2025;XPLG11;92,93;0,0
17/03/2025;XPLG11;94,2;0,0
24/03/2025;XPLG11;97,08;0,0
31/03/2025;XPLG11;94,8;0,82
07/04/2025;XPLG11;93,95;0,0
14/04/2025;XPLG11;97,67;0,0
21/04/2025;XPLG11;102,95;0,0
28/04/2025;XPLG11;100,13;0,82
05/05/2025;XPLG11;98,93;0,0
12/05/2025;XPLG11;98,59;0,0
19/05/2025;XPLG11;100,01;0,0
26/05/2025;XPLG11;101,65;0,0
02/06/2025;XPLG11;98,81;0,82
09/06/2025;XPLG11;98,54;0,0
16/06/2025;XPLG11;97,31;0,0
23/06/2025;XPLG11;100,0;0,0
30/06/2025;XPLG11;100,52;0,82
07/07/2025;XPLG11;100,14;0,0
14/07/2025;XPLG11;99,79;0,0
21/07/2025;XPLG11;99,0;0,0
28/07/2025;XPLG11;97,55;0,82
04/08/2025;XPLG11;96,3;0,0
11/08/2025;XPLG11;96,91;0,0
18/08/2025;XPLG11;97,79;0,0
25/08/2025;XPLG11;99,3;0,0
01/09/2025;XPLG11;97,64;0,82
08/09/2025;XPLG11;98,66;0,0
15/09/2025;XPLG11;101,42;0,0
22/09/2025;XPLG11;100,8;0,0
29/09/2025;XPLG11;100,33;0,82
06/10/2025;XPLG11;100,87;0,0
13/10/2025;XPLG11;101,66;0,0
20/10/2025;XPLG11;101,57;0,0
27/10/2025;XPLG11;101,89;0,0
03/11/2025;XPLG11;100,96;0,82
10/11/2025;XPLG11;102,5;0,0
17/11/2025;XPLG11;104,11;0,0
24/11/2025;XPLG11;104,46;0,0
01/12/2025;XPLG11;103,82;0,82
08/12/2025;XPLG11;103,13;0,0
15/12/2025;XPLG11;104,91;0,0
22/12/2025;XPLG11;105,45;0,0
29/12/2025;XPLG11;104,72;0,82
05/01/2026;XPLG11;103,7;0,0
12/01/2026;XPLG11;103,3;0,0
19/01/2026;XPLG11;102,55;0,0
26/01/2026;XPLG11;103,99;0,0
02/02/2026;XPLG11;103,2;0,82
09/02/2026;XPLG11;102,18;0,0
16/02/2026;XPLG11;102,18;0,0
23/02/2026;XPLG11;103,12;0,0
02/03/2026;XPLG11;102,78;0,82
09/03/2026;XPLG11;102,03;0,0
16/03/2026;XPLG11;101,75;0,0
23/03/2026;XPLG11;101,0;0,0
30/03/2026;XPLG11;100,59;0,82
06/04/2026;XPLG11;100,04;0,0
13/04/2026;XPLG11;101,68;0,0
20/04/2026;XPLG11;101,1;0,0
27/04/2026;XPLG11;100,75;0,0
04/05/2026;XPLG11;99,97;0,82
11/05/2026;XPLG11;99,2;0,0
18/05/2026;XPLG11;97,47;0,0
25/05/2026;XPLG11;97,0;0,0
01/06/2026;XPLG11;94,28;0,82
08/06/2026;XPLG11;92,2;0,0
15/06/2026;XPLG11;89,05;0,0
22/06/2026;XPLG11;91,94;0,0
29/06/2026;XPLG11;92,32;0,82
06/07/2026;XPLG11;91,55;0,0
13/07/2026;XPLG11;91,28;0,0
20/07/2026;XPLG11;91,43;0,0
27/07/2026;XPLG11;92,9;0,0
03/08/2026;XPLG11;91,96;0,82
10/08/2026;XPLG11;89,5;0,0
17/08/2026;XPLG11;90,0;0,0
24/08/2026;XPLG11;91,28;0,0
31/08/2026;XPLG11;90,7;0,82
07/09/2026;XPLG11;91,65;0,0
14/09/2026;XPLG11;92,99;0,0
21/09/2026;XPLG11;92,39;0,0
28/09/2026;XPLG11;92,39;0,0
27/09/2021;XPML11;95,6972;0,0
04/10/2021;XPML11;97,5324;0,0
11/10/2021;XPML11;101,5284;0,0
18/10/2021;XPML11;99,6537;0,0
25/10/2021;XPML11;97,3844;0,0
01/11/2021;XPML11;95,8057;0,0
08/11/2021;XPML11;94,8585;0,0
15/11/2021;XPML11;92,7964;0,0
22/11/2021;XPML11;85,8206;0,0
29/11/2021;XPML11;83,867;0,0
06/12/2021;XPML11;90,0731;0,0
13/12/2021;XPML11;93,2897;0,0
20/12/2021;XPML11;93,1614;0,0
27/12/2021;XPML11;98,1046;0,0
03/01/2022;XPML11;91,7604;0,0
10/01/2022;XPML11;92,3228;0,0
17/01/2022;XPML11;91,4545;0,0
24/01/2022;XPML11;92,3524;0,0
31/01/2022;XPML11;95,2729;0,0
07/02/2022;XPML11;94,7204;0,0
14/02/2022;XPML11;92,303;0,0
21/02/2022;XPML11;90,1817;0,0
28/02/2022;XPML11;89,343;0,0
07/03/2022;XPML11;89,5206;0,0
14/03/2022;XPML11;89,3923;0,0
21/03/2022;XPML11;90,5171;0,631316
28/03/2022;XPML11;97,0686;0,0
04/04/2022;XPML11;97,5324;0,0
11/04/2022;XPML11;98,7164;0,0
18/04/2022;XPML11;98,6078;0,651045
25/04/2022;XPML11;97,927;0,0
02/05/2022;XPML11;95,115;0,0
09/05/2022;XPML11;96,6937;0,0
16/05/2022;XPML11;95,7662;0,670773
23/05/2022;XPML11;95,7564;0,0
30/05/2022;XPML11;96,8614;0,0
06/06/2022;XPML11;96,003;0,0
13/06/2022;XPML11;95,6084;0,0
20/06/2022;XPML11;94,4145;0,670773
27/06/2022;XPML11;92,8654;0,0
04/07/2022;XPML11;90,9217;0,0
11/07/2022;XPML11;91,9577;0,0
18/07/2022;XPML11;93,7041;0,680638
25/07/2022;XPML11;94,3553;0,0
01/08/2022;XPML11;95,5294;0,0
08/08/2022;XPML11;98,2625;0,0
15/08/2022;XPML11;101,6271;0,690502
22/08/2022;XPML11;100,9364;0,0
29/08/2022;XPML11;103,9951;0,0
05/09/2022;XPML11;104,6857;0,0
12/09/2022;XPML11;103,8172;0,0
19/09/2022;XPML11;102,9064;0,722496
26/09/2022;XPML11;102,5203;0,0
03/10/2022;XPML11;102,3817;0,0
10/10/2022;XPML11;102,9064;0,0
17/10/2022;XPML11;102,946;0,742291
24/10/2022;XPML11;102,5599;0,0
31/10/2022;XPML11;101,669;0,0
07/11/2022;XPML11;99,9761;0,0
14/11/2022;XPML11;100,4513;0,0
21/11/2022;XPML11;98,0853;0,742291
28/11/2022;XPML11;99,7781;0,0
05/12/2022;XPML11;98,808;0,0
12/12/2022;XPML11;94,0463;0,0
19/12/2022;XPML11;94,3433;0,762085
26/12/2022;XPML11;94,7194;0,0
02/01/2023;XPML11;93,0167;0,0
09/01/2023;XPML11;97,9269;0,0
16/01/2023;XPML11;96,2737;0,890749
23/01/2023;XPML11;94,6403;0,0
30/01/2023;XPML11;94,957;0,0
06/02/2023;XPML11;97,0162;0,0
13/02/2023;XPML11;96,8479;0,762085
20/02/2023;XPML11;97,0162;0,0
27/02/2023;XPML11;98,6991;0,0
06/03/2023;XPML11;98,2734;0,0
13/03/2023;XPML11;96,6202;0,0
20/03/2023;XPML11;95,4817;0,771982
27/03/2023;XPML11;94,5314;0,0
03/04/2023;XPML11;98,2338;0,0
10/04/2023;XPML11;97,8576;0,0
17/04/2023;XPML11;98,6199;0,791777
24/04/2023;XPML11;102,1145;0,0
01/05/2023;XPML11;100,976;0,0
08/05/2023;XPML11;102,6886;0,0
15/05/2023;XPML11;101,273;0,801674
22/05/2023;XPML11;100,8498;0,0
29/05/2023;XPML11;101,5447;0,0
05/06/2023;XPML11;101,1576;0,0
12/06/2023;XPML11;103,4803;0,0
19/06/2023;XPML11;103,2321;0,803825
26/06/2023;XPML11;104,7111;0,0
03/07/2023;XPML11;103,8319;0,0
10/07/2023;XPML11;103,8319;0,0
17/07/2023;XPML11;103,7322;0,826867
24/07/2023;XPML11;103,533;0,0
31/07/2023;XPML11;108,5053;0,0
07/08/2023;XPML11;109,5018;0,0
14/08/2023;XPML11;108,1566;0,0
21/08/2023;XPML11;108,1167;0,83683
28/08/2023;XPML11;111,4349;0,0
04/09/2023;XPML11;114,2549;0,0
11/09/2023;XPML11;109,9203;0,0
18/09/2023;XPML11;110,5879;0,846792
25/09/2023;XPML11;110,3488;0,0
02/10/2023;XPML11;110,6975;0,0
09/10/2023;XPML11;111,0463;0,0
16/10/2023;XPML11;110,9168;0,846792
23/10/2023;XPML11;108,0171;0,0
30/10/2023;XPML11;110,3089;0,0
06/11/2023;XPML11;112,4115;0,0
13/11/2023;XPML11;113,099;0,0
20/11/2023;XPML11;110,6079;0,846792
27/11/2023;XPML11;113,1787;0,0
04/12/2023;XPML11;111,2456;0,0
11/12/2023;XPML11;111,8534;0,0
18/12/2023;XPML11;117,4337;0,896603
25/12/2023;XPML11;116,7062;0,0
01/01/2024;XPML11;114,4841;0,0
08/01/2024;XPML11;115,5;0,0
15/01/2024;XPML11;114,9;0,919777
22/01/2024;XPML11;114,79;0,0
29/01/2024;XPML11;118,38;0,0
05/02/2024;XPML11;118,3;0,0
12/02/2024;XPML11;118,68;0,0
19/02/2024;XPML11;118,23;0,899782
26/02/2024;XPML11;118,3;0,0
04/03/2024;XPML11;118,49;0,0
11/03/2024;XPML11;118,29;0,0
18/03/2024;XPML11;115,9921;0,899782
25/03/2024;XPML11;116,24;0,0
01/04/2024;XPML11;116,8;0,0
08/04/2024;XPML11;116,02;0,0
15/04/2024;XPML11;115,79;0,909842
22/04/2024;XPML11;115,9;0,0
29/04/2024;XPML11;116,18;0,0
06/05/2024;XPML11;116,69;0,0
13/05/2024;XPML11;117,22;0,0
20/05/2024;XPML11;115,65;0,91984
27/05/2024;XPML11;113,87;0,0
03/06/2024;XPML11;113,15;0,0
10/06/2024;XPML11;110,86;0,0
17/06/2024;XPML11;114,0;0,91984
24/06/2024;XPML11;112,75;0,0
01/07/2024;XPML11;113,98;0,0
08/07/2024;XPML11;113,9;0,0
15/07/2024;XPML11;113,0;0,91984
22/07/2024;XPML11;112,38;0,0
29/07/2024;XPML11;112,75;0,0
05/08/2024;XPML11;112,65;0,0
12/08/2024;XPML11;112,97;0,0
19/08/2024;XPML11;111,66;0,91984
26/08/2024;XPML11;112,0;0,0
02/09/2024;XPML11;112,41;0,0
09/09/2024;XPML11;112,0;0,0
16/09/2024;XPML11;107,0;0,91984
23/09/2024;XPML11;107,83;0,0
30/09/2024;XPML11;107,65;0,0
07/10/2024;XPML11;105,1;0,0
14/10/2024;XPML11;106,6;0,0
21/10/2024;XPML11;103,41;0,91984
28/10/2024;XPML11;103,41;0,0
04/11/2024;XPML11;104,14;0,0
11/11/2024;XPML11;104,0;0,0
18/11/2024;XPML11;103,5;0,91984
25/11/2024;XPML11;100,51;0,0
02/12/2024;XPML11;96,92;0,0
09/12/2024;XPML11;97,65;0,0
16/12/2024;XPML11;95,17;0,91984
23/12/2024;XPML11;99,37;0,0
30/12/2024;XPML11;97,73;0,0
06/01/2025;XPML11;98,19;0,0
13/01/2025;XPML11;96,06;0,0
20/01/2025;XPML11;95,01;0,91984
27/01/2025;XPML11;97,5;0,0
03/02/2025;XPML11;97,94;0,0
10/02/2025;XPML11;98,1;0,0
17/02/2025;XPML11;97,14;0,91984
24/02/2025;XPML11;95,25;0,0
03/03/2025;XPML11;96,6;0,0
10/03/2025;XPML11;97,37;0,0
17/03/2025;XPML11;98,5;0,91984
24/03/2025;XPML11;101,2;0,0
31/03/2025;XPML11;102,7;0,0
07/04/2025;XPML11;101,3;0,0
14/04/2025;XPML11;104,72;0,91984
21/04/2025;XPML11;106,81;0,0
28/04/2025;XPML11;106,9;0,0
05/05/2025;XPML11;106,84;0,0
12/05/2025;XPML11;106,51;0,0
19/05/2025;XPML11;104,8;0,91984
26/05/2025;XPML11;104,6;0,0
02/06/2025;XPML11;103,29;0,0
09/06/2025;XPML11;104,18;0,0
16/06/2025;XPML11;101,19;0,91984
23/06/2025;XPML11;103,2;0,0
30/06/2025;XPML11;105,44;0,0
07/07/2025;XPML11;104,0;0,0
14/07/2025;XPML11;102,9;0,0
21/07/2025;XPML11;101,75;0,91984
28/07/2025;XPML11;102,34;0,0
04/08/2025;XPML11;101,02;0,0
11/08/2025;XPML11;100,35;0,0
18/08/2025;XPML11;98,5;0,91984
25/08/2025;XPML11;101,9;0,0
01/09/2025;XPML11;104,76;0,0
08/09/2025;XPML11;105,1;0,0
15/09/2025;XPML11;104,98;0,91984
22/09/2025;XPML11;105,83;0,0
29/09/2025;XPML11;106,0;0,0
06/10/2025;XPML11;105,65;0,0
13/10/2025;XPML11;106,17;0,0
20/10/2025;XPML11;104,5;0,91984
27/10/2025;XPML11;105,5;0,0
03/11/2025;XPML11;106,59;0,0
10/11/2025;XPML11;106,99;0,0
17/11/2025;XPML11;105,9;0,91984
24/11/2025;XPML11;107,0;0,0
01/12/2025;XPML11;106,45;0,0
08/12/2025;XPML11;106,86;0,0
15/12/2025;XPML11;107,69;0,91984
22/12/2025;XPML11;108,18;0,0
29/12/2025;XPML11;108,9;0,0
05/01/2026;XPML11;109,98;0,0
12/01/2026;XPML11;1,0641;0,0
19/01/2026;XPML11;109,5;0,91984
26/01/2026;XPML11;110,75;0,0
02/02/2026;XPML11;110,37;0,0
09/02/2026;XPML11;111,0;0,0
16/02/2026;XPML11;111,71;0,92
23/02/2026;XPML11;111,83;0,0
02/03/2026;XPML11;110,39;0,0
09/03/2026;XPML11;109,3;0,0
16/03/2026;XPML11;108,45;0,92
23/03/2026;XPML11;108,0;0,0
30/03/2026;XPML11;109,31;0,0
06/04/2026;XPML11;111,53;0,0
13/04/2026;XPML11;111,1;0,92
20/04/2026;XPML11;111,0;0,0
27/04/2026;XPML11;111,26;0,0
04/05/2026;XPML11;109,73;0,0
11/05/2026;XPML11;109,8;0,0
18/05/2026;XPML11;107,0;0,92
25/05/2026;XPML11;107,0;0,0
01/06/2026;XPML11;106,4;0,0
08/06/2026;XPML11;104,49;0,0
15/06/2026;XPML11;103,01;0,92
22/06/2026;XPML11;103,97;0,0
29/06/2026;XPML11;105,65;0,0
06/07/2026;XPML11;106,13;0,0
13/07/2026;XPML11;106,87;0,0
20/07/2026;XPML11;104,7;0,92
27/07/2026;XPML11;104,78;0,0
03/08/2026;XPML11;104,55;0,0
10/08/2026;XPML11;101,25;0,0
17/08/2026;XPML11;98,4;0,92
24/08/2026;XPML11;99,9;0,0
31/08/2026;XPML11;104,03;0,0
07/09/2026;XPML11;102,65;0,0
14/09/2026;XPML11;98,0;0,0
21/09/2026;XPML11;98,68;0,95
28/09/2026;XPML11;99,19;0,0
27/09/2021;^BVSP;112900,0;0,0
04/10/2021;^BVSP;112833,0;0,0
11/10/2021;^BVSP;114648,0;0,0
18/10/2021;^BVSP;106296,0;0,0
25/10/2021;^BVSP;103501,0;0,0
01/11/2021;^BVSP;104824,0;0,0
08/11/2021;^BVSP;106312,0;0,0
15/11/2021;^BVSP;103035,0;0,0
22/11/2021;^BVSP;102224,0;0,0
29/11/2021;^BVSP;105070,0;0,0
06/12/2021;^BVSP;107758,0;0,0
13/12/2021;^BVSP;107201,0;0,0
20/12/2021;^BVSP;104891,0;0,0
27/12/2021;^BVSP;104822,0;0,0
03/01/2022;^BVSP;102719,0;0,0
10/01/2022;^BVSP;106928,0;0,0
17/01/2022;^BVSP;108942,0;0,0
24/01/2022;^BVSP;111478,0;0,0
31/01/2022;^BVSP;112245,0;0,0
07/02/2022;^BVSP;113572,0;0,0
14/02/2022;^BVSP;112768,0;0,0
21/02/2022;^BVSP;113142,0;0,0
28/02/2022;^BVSP;114474,0;0,0
07/03/2022;^BVSP;111713,0;0,0
14/03/2022;^BVSP;115311,0;0,0
21/03/2022;^BVSP;119081,0;0,0
28/03/2022;^BVSP;121570,0;0,0
04/04/2022;^BVSP;118322,0;0,0
11/04/2022;^BVSP;116182,0;0,0
18/04/2022;^BVSP;111078,0;0,0
25/04/2022;^BVSP;107876,0;0,0
02/05/2022;^BVSP;105135,0;0,0
09/05/2022;^BVSP;106924,0;0,0
16/05/2022;^BVSP;108488,0;0,0
23/05/2022;^BVSP;111942,0;0,0
30/05/2022;^BVSP;111102,0;0,0
06/06/2022;^BVSP;105481,0;0,0
13/06/2022;^BVSP;99825,0;0,0
20/06/2022;^BVSP;98672,0;0,0
27/06/2022;^BVSP;98954,0;0,0
04/07/2022;^BVSP;100289,0;0,0
11/07/2022;^BVSP;96551,0;0,0
18/07/2022;^BVSP;98925,0;0,0
25/07/2022;^BVSP;103165,0;0,0
01/08/2022;^BVSP;106472,0;0,0
08/08/2022;^BVSP;112764,0;0,0
15/08/2022;^BVSP;111496,0;0,0
22/08/2022;^BVSP;112299,0;0,0
29/08/2022;^BVSP;110864,0;0,0
05/09/2022;^BVSP;112300,0;0,0
12/09/2022;^BVSP;109280,0;0,0
19/09/2022;^BVSP;111716,0;0,0
26/09/2022;^BVSP;110037,0;0,0
03/10/2022;^BVSP;116375,0;0,0
10/10/2022;^BVSP;112072,0;0,0
17/10/2022;^BVSP;119929,0;0,0
24/10/2022;^BVSP;114539,0;0,0
31/10/2022;^BVSP;118155,0;0,0
07/11/2022;^BVSP;112253,0;0,0
14/11/2022;^BVSP;108880,0;0,0
21/11/2022;^BVSP;108977,0;0,0
28/11/2022;^BVSP;111924,0;0,0
05/12/2022;^BVSP;107689,0;0,0
12/12/2022;^BVSP;102825,0;0,0
19/12/2022;^BVSP;109698,0;0,0
26/12/2022;^BVSP;110031,0;0,0
02/01/2023;^BVSP;108836,0;0,0
09/01/2023;^BVSP;110916,0;0,0
16/01/2023;^BVSP;112301,0;0,0
23/01/2023;^BVSP;112502,0;0,0
30/01/2023;^BVSP;108490,0;0,0
06/02/2023;^BVSP;108150,0;0,0
13/02/2023;^BVSP;109303,0;0,0
20/02/2023;^BVSP;105873,0;0,0
27/02/2023;^BVSP;103866,0;0,0
06/03/2023;^BVSP;103618,0;0,0
13/03/2023;^BVSP;101982,0;0,0
20/03/2023;^BVSP;98829,0;0,0
27/03/2023;^BVSP;101882,0;0,0
03/04/2023;^BVSP;100822,0;0,0
10/04/2023;^BVSP;106279,0;0,0
17/04/2023;^BVSP;104367,0;0,0
24/04/2023;^BVSP;104432,0;0,0
01/05/2023;^BVSP;105148,0;0,0
08/05/2023;^BVSP;108464,0;0,0
15/05/2023;^BVSP;110745,0;0,0
22/05/2023;^BVSP;110906,0;0,0
29/05/2023;^BVSP;112558,0;0,0
05/06/2023;^BVSP;117019,0;0,0
12/06/2023;^BVSP;118758,0;0,0
19/06/2023;^BVSP;118977,0;0,0
26/06/2023;^BVSP;118087,0;0,0
03/07/2023;^BVSP;118898,0;0,0
10/07/2023;^BVSP;117711,0;0,0
17/07/2023;^BVSP;120217,0;0,0
24/07/2023;^BVSP;120187,0;0,0
31/07/2023;^BVSP;119508,0;0,0
07/08/2023;^BVSP;118065,0;0,0
14/08/2023;^BVSP;115409,0;0,0
21/08/2023;^BVSP;115837,0;0,0
28/08/2023;^BVSP;117893,0;0,0
04/09/2023;^BVSP;115313,0;0,0
11/09/2023;^BVSP;118758,0;0,0
18/09/2023;^BVSP;116009,0;0,0
25/09/2023;^BVSP;116565,0;0,0
02/10/2023;^BVSP;114170,0;0,0
09/10/2023;^BVSP;115754,0;0,0
16/10/2023;^BVSP;113155,0;0,0
23/10/2023;^BVSP;113301,0;0,0
30/10/2023;^BVSP;118160,0;0,0
06/11/2023;^BVSP;120636,0;0,0
13/11/2023;^BVSP;125062,0;0,0
20/11/2023;^BVSP;125542,0;0,0
27/11/2023;^BVSP;128103,0;0,0
04/12/2023;^BVSP;127094,0;0,0
11/12/2023;^BVSP;130197,0;0,0
18/12/2023;^BVSP;132753,0;0,0
25/12/2023;^BVSP;134185,0;0,0
01/01/2024;^BVSP;132023,0;0,0
08/01/2024;^BVSP;130988,0;0,0
15/01/2024;^BVSP;127636,0;0,0
22/01/2024;^BVSP;128967,0;0,0
29/01/2024;^BVSP;127182,0;0,0
05/02/2024;^BVSP;128026,0;0,0
12/02/2024;^BVSP;128726,0;0,0
19/02/2024;^BVSP;129419,0;0,0
26/02/2024;^BVSP;129180,0;0,0
04/03/2024;^BVSP;127071,0;0,0
11/03/2024;^BVSP;126742,0;0,0
18/03/2024;^BVSP;127027,0;0,0
25/03/2024;^BVSP;128106,0;0,0
01/04/2024;^BVSP;126795,0;0,0
08/04/2024;^BVSP;125946,0;0,0
15/04/2024;^BVSP;125124,0;0,0
22/04/2024;^BVSP;126526,0;0,0
29/04/2024;^BVSP;128509,0;0,0
06/05/2024;^BVSP;127600,0;0,0
13/05/2024;^BVSP;128151,0;0,0
20/05/2024;^BVSP;124306,0;0,0
27/05/2024;^BVSP;122098,0;0,0
03/06/2024;^BVSP;120767,0;0,0
10/06/2024;^BVSP;119662,0;0,0
17/06/2024;^BVSP;121341,0;0,0
24/06/2024;^BVSP;123907,0;0,0
01/07/2024;^BVSP;126267,0;0,0
08/07/2024;^BVSP;128897,0;0,0
15/07/2024;^BVSP;127616,0;0,0
22/07/2024;^BVSP;127492,0;0,0
29/07/2024;^BVSP;125854,0;0,0
05/08/2024;^BVSP;130615,0;0,0
12/08/2024;^BVSP;133953,0;0,0
19/08/2024;^BVSP;135608,0;0,0
26/08/2024;^BVSP;136004,0;0,0
02/09/2024;^BVSP;134572,0;0,0
09/09/2024;^BVSP;134882,0;0,0
16/09/2024;^BVSP;131065,0;0,0
23/09/2024;^BVSP;132730,0;0,0
30/09/2024;^BVSP;131792,0;0,0
07/10/2024;^BVSP;129992,0;0,0
14/10/2024;^BVSP;130499,0;0,0
21/10/2024;^BVSP;129893,0;0,0
28/10/2024;^BVSP;128121,0;0,0
04/11/2024;^BVSP;127830,0;0,0
11/11/2024;^BVSP;127792,0;0,0
18/11/2024;^BVSP;129126,0;0,0
25/11/2024;^BVSP;125668,0;0,0
02/12/2024;^BVSP;125946,0;0,0
09/12/2024;^BVSP;124612,0;0,0
16/12/2024;^BVSP;122102,0;0,0
23/12/2024;^BVSP;120269,0;0,0
30/12/2024;^BVSP;118533,0;0,0
06/01/2025;^BVSP;118856,0;0,0
13/01/2025;^BVSP;122350,0;0,0
20/01/2025;^BVSP;122447,0;0,0
27/01/2025;^BVSP;126135,0;0,0
03/02/2025;^BVSP;124619,0;0,0
10/02/2025;^BVSP;128219,0;0,0
17/02/2025;^BVSP;127128,0;0,0
24/02/2025;^BVSP;122799,0;0,0
03/03/2025;^BVSP;125035,0;0,0
10/03/2025;^BVSP;128957,0;0,0
17/03/2025;^BVSP;132345,0;0,0
24/03/2025;^BVSP;131902,0;0,0
31/03/2025;^BVSP;127256,0;0,0
07/04/2025;^BVSP;127682,0;0,0
14/04/2025;^BVSP;129650,0;0,0
21/04/2025;^BVSP;134739,0;0,0
28/04/2025;^BVSP;135134,0;0,0
05/05/2025;^BVSP;136512,0;0,0
12/05/2025;^BVSP;139187,0;0,0
19/05/2025;^BVSP;137824,0;0,0
26/05/2025;^BVSP;137027,0;0,0
02/06/2025;^BVSP;136102,0;0,0
09/06/2025;^BVSP;137213,0;0,0
16/06/2025;^BVSP;137116,0;0,0
23/06/2025;^BVSP;136866,0;0,0
30/06/2025;^BVSP;141478,0;0,0
07/07/2025;^BVSP;136187,0;0,0
14/07/2025;^BVSP;133382,0;0,0
21/07/2025;^BVSP;133524,0;0,0
28/07/2025;^BVSP;132437,0;0,0
04/08/2025;^BVSP;135913,0;0,0
11/08/2025;^BVSP;136341,0;0,0
18/08/2025;^BVSP;137968,0;0,0
25/08/2025;^BVSP;141422,0;0,0
01/09/2025;^BVSP;142640,0;0,0
08/09/2025;^BVSP;142272,0;0,0
15/09/2025;^BVSP;145865,0;0,0
22/09/2025;^BVSP;145447,0;0,0
29/09/2025;^BVSP;144201,0;0,0
06/10/2025;^BVSP;140680,0;0,0
13/10/2025;^BVSP;143399,0;0,0
20/10/2025;^BVSP;146172,0;0,0
27/10/2025;^BVSP;149540,0;0,0
03/11/2025;^BVSP;154064,0;0,0
10/11/2025;^BVSP;157739,0;0,0
17/11/2025;^BVSP;154770,0;0,0
24/11/2025;^BVSP;159072,0;0,0
01/12/2025;^BVSP;157369,0;0,0
08/12/2025;^BVSP;160766,0;0,0
15/12/2025;^BVSP;158473,0;0,0
22/12/2025;^BVSP;160897,0;0,0
29/12/2025;^BVSP;160539,0;0,0
05/01/2026;^BVSP;163370,0;0,0
12/01/2026;^BVSP;164800,0;0,0
19/01/2026;^BVSP;178859,0;0,0
26/01/2026;^BVSP;181364,0;0,0
02/02/2026;^BVSP;182950,0;0,0
09/02/2026;^BVSP;186464,0;0,0
16/02/2026;^BVSP;190534,0;0,0
23/02/2026;^BVSP;188787,0;0,0
02/03/2026;^BVSP;179365,0;0,0
09/03/2026;^BVSP;177653,0;0,0
16/03/2026;^BVSP;176219,0;0,0
23/03/2026;^BVSP;181557,0;0,0
30/03/2026;^BVSP;188052,0;0,0
06/04/2026;^BVSP;197324,0;0,0
13/04/2026;^BVSP;195734,0;0,0
20/04/2026;^BVSP;190745,0;0,0
27/04/2026;^BVSP;187318,0;0,0
04/05/2026;^BVSP;184108,0;0,0
11/05/2026;^BVSP;177284,0;0,0
18/05/2026;^BVSP;176210,0;0,0
25/05/2026;^BVSP;173788,0;0,0
01/06/2026;^BVSP;169019,0;0,0
08/06/2026;^BVSP;171133,0;0,0
15/06/2026;^BVSP;168576,0;0,0
22/06/2026;^BVSP;173295,0;0,0
29/06/2026;^BVSP;174266,0;0,0
06/07/2026;^BVSP;177866,0;0,0
13/07/2026;^BVSP;173714,0;0,0
20/07/2026;^BVSP;174042,0;0,0
27/07/2026;^BVSP;177999,0;0,0
03/08/2026;^BVSP;172513,0;0,0
10/08/2026;^BVSP;166934,0;0,0
17/08/2026;^BVSP;171032,0;0,0
24/08/2026;^BVSP;175665,0;0,0
31/08/2026;^BVSP;185147,0;0,0
07/09/2026;^BVSP;187207,0;0,0
14/09/2026;^BVSP;185229,0;0,0
21/09/2026;^BVSP;183477,0;0,0
28/09/2026;^BVSP;183827,5938;0,0
